证券代码,证券简称,日期,成交量,成交额,收盘价,换手率
300347.SZ,泰格医药,20260904,8125100.0,4.0756196685E8,50.0,1.434326554264
688293.SH,奥浦迈,20260904,2873853.0,1.59105876E8,54.62,2.4528108900952
300759.SZ,康龙化成,20260904,5.0254681E7,2.10473613694E9,41.19,3.5389824051804
002821.SZ,凯莱英,20260904,6567572.0,1.08523718253E9,163.02,2.0715026751914
603259.SH,药明康德,20260904,2.5721662E7,3.984101374E9,153.83,1.0399817020978
300347.SZ,泰格医药,20260903,8158405.0,4.1064128964E8,50.61,1.4402058967816
688293.SH,奥浦迈,20260903,3393729.0,1.90937354E8,55.93,2.896520959573
300759.SZ,康龙化成,20260903,4.4205953E7,1.87864662479E9,43.0,3.1130252298534
002821.SZ,凯莱英,20260903,9294750.0,1.54688861593E9,168.22,2.931692182474
603259.SH,药明康德,20260903,3.0103852E7,4.691160558E9,156.12,1.2171629983576
300347.SZ,泰格医药,20260902,9964308.0,5.0410814432E8,50.19,1.7590025426475
688293.SH,奥浦迈,20260902,5842483.0,3.29622234E8,55.88,4.9865132028659
300759.SZ,康龙化成,20260902,3.8021383E7,1.60923819619E9,42.05,2.6775019317629
002821.SZ,凯莱英,20260902,1.1373852E7,1.8592407705E9,164.6,3.5874695922985
603259.SH,药明康德,20260902,4.2107011E7,6.532139629E9,155.48208389197,1.7024763395939
300347.SZ,泰格医药,20260901,1.2415948E7,6.4176628534E8,51.4,2.1917913518309
688293.SH,奥浦迈,20260901,3507036.0,1.85268049E8,53.56,2.9932275912358
300759.SZ,康龙化成,20260901,3.6491707E7,1.55056022111E9,42.6,2.5697806938223
002821.SZ,凯莱英,20260901,9687854.0,1.53892101962E9,160.88,3.0556825989671
603259.SH,药明康德,20260901,2.9339983E7,4.505071454E9,153.8972610611,1.1862781440741
300347.SZ,泰格医药,20260831,3.122592E7,1.6392833608E9,52.79,5.5123218467863
688293.SH,奥浦迈,20260831,5651950.0,2.96527245E8,53.1,4.823894788729
300759.SZ,康龙化成,20260831,4.2761026E7,1.8379480982E9,43.3,3.0112720970503
002821.SZ,凯莱英,20260831,1.0336106E7,1.66023932104E9,161.6,3.2601502092496
603259.SH,药明康德,20260831,4.7625356E7,7.283350255E9,154.27602375024,1.9255948078275
300347.SZ,泰格医药,20260830,,,49.85,
688293.SH,奥浦迈,20260830,,,55.1,
300759.SZ,康龙化成,20260830,,,43.78,
002821.SZ,凯莱英,20260830,,,164.94,
603259.SH,药明康德,20260830,,,156.88749281747,
300347.SZ,泰格医药,20260829,,,49.85,
688293.SH,奥浦迈,20260829,,,55.1,
300759.SZ,康龙化成,20260829,,,43.78,
002821.SZ,凯莱英,20260829,,,164.94,
603259.SH,药明康德,20260829,,,156.88749281747,
300347.SZ,泰格医药,20260828,1.1061378E7,5.565432183E8,49.85,1.9526686677274
688293.SH,奥浦迈,20260828,2812910.0,1.57420325E8,55.1,2.4007965198142
300759.SZ,康龙化成,20260828,4.3983017E7,1.93368643086E9,43.78,3.0973258648235
002821.SZ,凯莱英,20260828,8223630.0,1.36972524281E9,164.94,2.593846180108
603259.SH,药明康德,20260828,2.9193729E7,4.626900106E9,156.88749281747,1.1803647826491
300347.SZ,泰格医药,20260827,1.2365517E7,6.220733874E8,50.78,2.1838666962325
688293.SH,奥浦迈,20260827,3047462.0,1.72185469E8,56.98,2.6009848035899
300759.SZ,康龙化成,20260827,6.319993E7,2.78099506708E9,45.1,4.450599144757
002821.SZ,凯莱英,20260827,1.0661091E7,1.79969729116E9,170.64,3.3626549548233
603259.SH,药明康德,20260827,3.4944567E7,5.533307226E9,159.41922237119,1.4128834391701
300347.SZ,泰格医药,20260826,1.3337499E7,6.8559715026E8,50.85,2.3555278664963
688293.SH,奥浦迈,20260826,2990300.0,1.73724068E8,57.42,2.5521974870154
300759.SZ,康龙化成,20260826,5.772552E7,2.5743267253E9,44.18,4.065085988903
002821.SZ,凯莱英,20260826,1.5184636E7,2.66148708475E9,171.9,4.7894433583381
603259.SH,药明康德,20260826,3.4418484E7,5.489620558E9,158.73146906723,1.3916127804629
300347.SZ,泰格医药,20260825,2.2060603E7,1.12392331099E9,52.27,3.8961101416549
688293.SH,奥浦迈,20260825,4189047.0,2.45702026E8,59.33,3.5753186056212
300759.SZ,康龙化成,20260825,7.5261677E7,3.40985986089E9,46.42,5.2999988336882
002821.SZ,凯莱英,20260825,1.7021741E7,2.80727240754E9,172.23,5.3688915809244
603259.SH,药明康德,20260825,5.9050998E7,9.356630203E9,160.47577092511,2.3875579039416
300347.SZ,泰格医药,20260824,3.1975422E7,1.60918361296E9,49.16,5.6471605031783
688293.SH,奥浦迈,20260824,5114491.0,2.99635372E8,58.18,4.3651777673018
300759.SZ,康龙化成,20260824,7.3392529E7,3.35744918294E9,44.86,5.1683716548255
002821.SZ,凯莱英,20260824,1.4544235E7,2.33010827238E9,156.57,4.5874520616009
603259.SH,药明康德,20260824,6.8557475E7,1.0767737827E10,155.33257230416,2.7719250623085
300347.SZ,泰格医药,20260823,,,54.37,
688293.SH,奥浦迈,20260823,,,61.75,
300759.SZ,康龙化成,20260823,,,47.98,
002821.SZ,凯莱英,20260823,,,168.1,
603259.SH,药明康德,20260823,,,162.32971461406,
300347.SZ,泰格医药,20260822,,,54.37,
688293.SH,奥浦迈,20260822,,,61.75,
300759.SZ,康龙化成,20260822,,,47.98,
002821.SZ,凯莱英,20260822,,,168.1,
603259.SH,药明康德,20260822,,,162.32971461406,
300347.SZ,泰格医药,20260821,2.2440928E7,1.213739281E9,54.37,3.9632791165749
688293.SH,奥浦迈,20260821,4548146.0,2.8088385E8,61.75,3.8818067724907
300759.SZ,康龙化成,20260821,9.2851253E7,4.49298364759E9,47.98,6.5386734952304
002821.SZ,凯莱英,20260821,2.0533769E7,3.50733454586E9,168.1,6.4766335892872
603259.SH,药明康德,20260821,5.7244517E7,9.385096691E9,162.32971461406,2.3145180208584
300347.SZ,泰格医药,20260820,4.937553E7,2.76971716379E9,55.52,8.7201833595658
688293.SH,奥浦迈,20260820,6543853.0,4.18431487E8,63.9,5.5851269712062
300759.SZ,康龙化成,20260820,1.03423367E8,5.31370617533E9,50.9,7.2831718123436
002821.SZ,凯莱英,20260820,2.496715E7,4.57134647393E9,182.4,7.8749830252192
603259.SH,药明康德,20260820,8.5911366E7,1.4589305368E10,167.35330396476,3.4735799203889
300347.SZ,泰格医药,20260819,1.6796923E7,8.7992435511E8,51.78,2.9664947077329
688293.SH,奥浦迈,20260819,5317939.0,3.28552186E8,60.38,4.538819032171
300759.SZ,康龙化成,20260819,8.6407775E7,4.28183979051E9,48.45,6.0849176496771
002821.SZ,凯莱英,20260819,1.1994036E7,2.09050038219E9,170.59,3.7830841687525
603259.SH,药明康德,20260819,5.5791603E7,9.187283094E9,163.46600268148,2.2557736063364
300347.SZ,泰格医药,20260818,2.157251E7,1.15834827876E9,53.95,3.8099083235373
688293.SH,奥浦迈,20260818,3387069.0,2.19390312E8,64.55,2.8908367020525
300759.SZ,康龙化成,20260818,6.7151421E7,3.40651980664E9,51.15,4.7288668970332
002821.SZ,凯莱英,20260818,1.0432929E7,1.84627178872E9,177.25,3.2906895171582
603259.SH,药明康德,20260818,5.0378126E7,8.366780276E9,166.63564834323,2.0368951752021
300347.SZ,泰格医药,20260817,2.1235799E7,1.16314143233E9,55.18,3.7504419915469
688293.SH,奥浦迈,20260817,4801955.0,3.16747597E8,66.5,4.098430754025
300759.SZ,康龙化成,20260817,7.2936208E7,3.60547530628E9,50.11,5.1362370962534
002821.SZ,凯莱英,20260817,1.2059671E7,2.1115545466E9,177.12,3.8037863518555
603259.SH,药明康德,20260817,6.8943301E7,1.1365474114E10,166.34659260678,2.7875248311024
300347.SZ,泰格医药,20260816,,,56.02,
688293.SH,奥浦迈,20260816,,,66.37,
300759.SZ,康龙化成,20260816,,,49.12,
002821.SZ,凯莱英,20260816,,,171.2,
603259.SH,药明康德,20260816,,,158.72150162804,
300347.SZ,泰格医药,20260815,,,56.02,
688293.SH,奥浦迈,20260815,,,66.37,
300759.SZ,康龙化成,20260815,,,49.12,
002821.SZ,凯莱英,20260815,,,171.2,
603259.SH,药明康德,20260815,,,158.72150162804,
300347.SZ,泰格医药,20260814,2.6127497E7,1.46476022765E9,56.02,4.61436190288
688293.SH,奥浦迈,20260814,5426031.0,3.60333864E8,66.37,4.631074702427
300759.SZ,康龙化成,20260814,7.8093229E7,3.82674590421E9,49.12,5.4993994170359
002821.SZ,凯莱英,20260814,1.1747748E7,2.00799099653E9,171.2,3.705401541007
603259.SH,药明康德,20260814,5.4590148E7,8.723220338E9,158.72150162804,2.2071962159682
300347.SZ,泰格医药,20260813,2.9173221E7,1.61828910691E9,55.32,5.1522654300447
688293.SH,奥浦迈,20260813,8978928.0,5.95481875E8,67.53,7.663444295787
300759.SZ,康龙化成,20260813,1.03197891E8,5.15805865057E9,49.8,7.2672935780993
002821.SZ,凯莱英,20260813,1.7410824E7,3.07483289482E9,173.81,5.4916137186294
603259.SH,药明康德,20260813,7.4225264E7,1.2028294271E10,161.8014403371,3.0010858704768
300347.SZ,泰格医药,20260812,1.7946581E7,9.8094740087E8,53.7,3.1695351320239
688293.SH,奥浦迈,20260812,5738921.0,3.61392912E8,61.84,4.8981238519144
300759.SZ,康龙化成,20260812,7.4330096E7,3.57657906752E9,47.9,5.2343960141618
002821.SZ,凯莱英,20260812,1.1108829E7,1.95535911361E9,175.0,3.5038776874839
603259.SH,药明康德,20260812,6.7027216E7,1.0694051631E10,158.52215284428,2.71005342433
300347.SZ,泰格医药,20260811,2.4955577E7,1.37390248136E9,54.69,4.4073897998414
688293.SH,奥浦迈,20260811,7859236.0,5.11903939E8,63.71,6.707795996743
300759.SZ,康龙化成,20260811,1.17850698E8,5.67086769228E9,47.59,8.2991581751406
002821.SZ,凯莱英,20260811,1.8399012E7,3.27711632584E9,175.64,5.8033018258313
603259.SH,药明康德,20260811,9.2075805E7,1.4939163904E10,159.68834322927,3.7228213482444
300347.SZ,泰格医药,20260810,3.493728E7,1.9437718363E9,54.97,6.1702525053299
688293.SH,奥浦迈,20260810,1.1376745E7,7.63577478E8,66.85,9.7099622109536
300759.SZ,康龙化成,20260810,1.34118653E8,6.34584768709E9,47.03,9.4447630296071
002821.SZ,凯莱英,20260810,2.3282185E7,4.17032799016E9,176.0,7.3435218543171
603259.SH,药明康德,20260810,1.26536204E8,2.0424750304E10,160.8146638575,5.1161288416323
300347.SZ,泰格医药,20260809,,,54.35,
688293.SH,奥浦迈,20260809,,,63.22,
300759.SZ,康龙化成,20260809,,,45.28,
002821.SZ,凯莱英,20260809,,,172.26,
603259.SH,药明康德,20260809,,,154.31589350699,
300347.SZ,泰格医药,20260808,,,54.35,
688293.SH,奥浦迈,20260808,,,63.22,
300759.SZ,康龙化成,20260808,,,45.28,
002821.SZ,凯莱英,20260808,,,172.26,
603259.SH,药明康德,20260808,,,154.31589350699,
300347.SZ,泰格医药,20260807,3.3011911E7,1.72932607398E9,54.35,5.8302142168331
688293.SH,奥浦迈,20260807,7795178.0,4.60077271E8,63.22,6.6531229985076
300759.SZ,康龙化成,20260807,1.05485746E8,4.57653440191E9,45.28,7.4284065019004
002821.SZ,凯莱英,20260807,1.0845091E7,1.80206669426E9,172.26,3.4206910893697
603259.SH,药明康德,20260807,9.2722736E7,1.3955602029E10,154.31589350699,3.7489781495631
300347.SZ,泰格医药,20260806,1.4201227E7,7.0929879378E8,49.63,2.5080703613879
688293.SH,奥浦迈,20260806,3025549.0,1.64711166E8,53.76,2.5822822307601
300759.SZ,康龙化成,20260806,5.5986999E7,2.22751393544E9,39.6,3.9426576875467
002821.SZ,凯莱英,20260806,1.3513117E7,2.14163723897E9,156.6,4.2622232410508
603259.SH,药明康德,20260806,7.7509417E7,1.1197821427E10,142.23535721126,3.1338711868724
300347.SZ,泰格医药,20260805,1.9235442E7,9.8211882275E8,50.77,3.3971601164037
688293.SH,奥浦迈,20260805,3952256.0,2.17988528E8,54.6,3.3732193529884
300759.SZ,康龙化成,20260805,6.8693664E7,2.77336357402E9,39.96,4.8374731150592
002821.SZ,凯莱英,20260805,1.4138668E7,2.34429406823E9,163.38,4.4595306432336
603259.SH,药明康德,20260805,1.34475495E8,1.9740160899E10,147.01972802145,5.4371313245834
300347.SZ,泰格医药,20260804,2.5813424E7,1.32696100499E9,51.35,4.5588936547763
688293.SH,奥浦迈,20260804,5275731.0,2.80067375E8,54.83,4.6340717524046
300759.SZ,康龙化成,20260804,1.05934959E8,4.1784186139E9,39.92,7.4600405083561
002821.SZ,凯莱英,20260804,5690063.0,9.0951360935E8,161.61,1.7947242491605
603259.SH,药明康德,20260804,7.4705907E7,1.0502734978E10,140.8897529209,3.0205192929843
300347.SZ,泰格医药,20260803,1.1110882E7,5.5277401941E8,49.63,1.9622863456149
688293.SH,奥浦迈,20260803,3627800.0,1.77177506E8,48.79,3.1865698807186
300759.SZ,康龙化成,20260803,4.0754406E7,1.48720117117E9,36.07,2.8699640092747
002821.SZ,凯莱英,20260803,7401108.0,1.10521392226E9,146.92,2.334411411307
603259.SH,药明康德,20260803,6.2389016E7,8.018938736E9,128.08159356445,2.5225210972716
300347.SZ,泰格医药,20260802,,,49.99,
688293.SH,奥浦迈,20260802,,,49.4,
300759.SZ,康龙化成,20260802,,,36.8,
002821.SZ,凯莱英,20260802,,,152.65,
603259.SH,药明康德,20260802,,,128.01182149014,
300347.SZ,泰格医药,20260801,,,49.99,
688293.SH,奥浦迈,20260801,,,49.4,
300759.SZ,康龙化成,20260801,,,36.8,
002821.SZ,凯莱英,20260801,,,152.65,
603259.SH,药明康德,20260801,,,128.01182149014,
300347.SZ,泰格医药,20260731,1.5380153E7,7.6087596612E8,49.99,2.7162797899724
688293.SH,奥浦迈,20260731,3089071.0,1.56871246E8,49.4,2.7133636385692
300759.SZ,康龙化成,20260731,4.6276796E7,1.70604417875E9,36.8,3.2588559623356
002821.SZ,凯莱英,20260731,8977932.0,1.37988141298E9,152.65,2.8317634211983
603259.SH,药明康德,20260731,5.7079282E7,7.285951591E9,128.01182149014,2.307837217085
300347.SZ,泰格医药,20260730,1.8720304E7,9.3168073503E8,49.03,3.3061818967171
688293.SH,奥浦迈,20260730,3019683.0,1.55881205E8,50.78,2.6524149338767
300759.SZ,康龙化成,20260730,5.8969173E7,2.13730208894E9,36.01,4.1526652153068
002821.SZ,凯莱英,20260730,1.1585464E7,1.71252836981E9,145.95,3.6542149319922
603259.SH,药明康德,20260730,5.6017288E7,6.936511648E9,125.07142692971,2.264898532651
300347.SZ,泰格医药,20260729,2.3212343E7,1.16344335846E9,50.78,4.0995182667434
688293.SH,奥浦迈,20260729,3355793.0,1.77522407E8,53.08,2.9476456529374
300759.SZ,康龙化成,20260729,6.0629801E7,2.29616802069E9,37.22,4.2696082175627
002821.SZ,凯莱英,20260729,7914789.0,1.25215253343E9,155.01,2.4964334745132
603259.SH,药明康德,20260729,5.4776505E7,6.917897345E9,126.08810572687,2.2147310272901
300347.SZ,泰格医药,20260728,1.2505728E7,6.0253025613E8,48.06,2.2086292786094
688293.SH,奥浦迈,20260728,2663891.0,1.43413266E8,53.22,2.3398960323384
300759.SZ,康龙化成,20260728,6.3244874E7,2.39592031257E9,37.72,4.4537641439581
002821.SZ,凯莱英,20260728,6775172.0,1.07998430141E9,157.36,2.1369825748209
603259.SH,药明康德,20260728,3.3476678E7,4.125142841E9,122.61943688948,1.3535335534314
300347.SZ,泰格医药,20260727,1.7683151E7,8.6879131801E8,48.99,3.1230109144123
688293.SH,奥浦迈,20260727,4791963.0,2.62472537E8,55.14,4.2091418946242
300759.SZ,康龙化成,20260727,7.3273517E7,2.88058058672E9,38.77,5.1599907166596
002821.SZ,凯莱英,20260727,9653042.0,1.58071051793E9,162.95,3.044702414642
603259.SH,药明康德,20260727,4.4704914E7,5.590958604E9,124.2540969163,1.8075151035674
300347.SZ,泰格医药,20260726,,,46.95,
688293.SH,奥浦迈,20260726,,,52.87,
300759.SZ,康龙化成,20260726,,,38.53,
002821.SZ,凯莱英,20260726,,,158.22,
603259.SH,药明康德,20260726,,,124.59298984869,
300347.SZ,泰格医药,20260725,,,46.95,
688293.SH,奥浦迈,20260725,,,52.87,
300759.SZ,康龙化成,20260725,,,38.53,
002821.SZ,凯莱英,20260725,,,158.22,
603259.SH,药明康德,20260725,,,124.59298984869,
300347.SZ,泰格医药,20260724,2.3424372E7,1.13877139352E9,46.95,4.1369645839281
688293.SH,奥浦迈,20260724,5382661.0,2.90682654E8,52.87,4.727996422272
300759.SZ,康龙化成,20260724,7.6580654E7,2.98881912596E9,38.53,5.3928824477706
002821.SZ,凯莱英,20260724,8859193.0,1.4255930176E9,158.22,2.7943115050032
603259.SH,药明康德,20260724,4.4375591E7,5.571207583E9,124.59298984869,1.7941998716792
300347.SZ,泰格医药,20260723,1.7600203E7,8.5248544514E8,48.27,3.10836151684
688293.SH,奥浦迈,20260723,6785868.0,3.9301046E8,56.52,5.9605387792414
300759.SZ,康龙化成,20260723,8.2524164E7,3.21307984882E9,39.0,5.8114300715236
002821.SZ,凯莱英,20260723,9497486.0,1.56605464862E9,163.54,2.9956379095034
603259.SH,药明康德,20260723,4.6844542E7,5.932335189E9,127.03501244972,1.8940248310219
300347.SZ,泰格医药,20260722,2.0973991E7,1.05050570936E9,49.29,3.7042042344028
688293.SH,奥浦迈,20260722,6862819.0,4.07596524E8,59.44,6.0281306362597
300759.SZ,康龙化成,20260722,1.13613089E8,4.53060880312E9,39.76,8.0007417213374
002821.SZ,凯莱英,20260722,1.2268954E7,2.07718410175E9,164.28,3.8697970928678
603259.SH,药明康德,20260722,6.0258822E7,7.713833187E9,125.4900593756,2.4363928065756
300347.SZ,泰格医药,20260721,2.8720107E7,1.38413437815E9,50.18,5.0722412325772
688293.SH,奥浦迈,20260721,4605190.0,2.48355109E8,56.22,4.0450851063968
300759.SZ,康龙化成,20260721,1.04760635E8,3.97982427565E9,39.36,7.3773434960323
002821.SZ,凯莱英,20260721,1.3049842E7,2.13962739888E9,169.5,4.1160999245726
603259.SH,药明康德,20260721,6.4827986E7,8.016853067E9,126.03826853093,2.6211338607845
300347.SZ,泰格医药,20260720,2.9181011E7,1.45142367081E9,49.06,5.1536412173704
688293.SH,奥浦迈,20260720,4755203.0,2.52027063E8,54.0,4.1768528189268
300759.SZ,康龙化成,20260720,1.20805725E8,4.44297836877E9,37.28,8.5072539853564
002821.SZ,凯莱英,20260720,1.5126417E7,2.45837216698E9,162.51,4.7710802837884
603259.SH,药明康德,20260720,6.9194022E7,8.484725455E9,123.81552959203,2.7976620163407
300347.SZ,泰格医药,20260719,,,49.02,
688293.SH,奥浦迈,20260719,,,51.82,
300759.SZ,康龙化成,20260719,,,35.48,
002821.SZ,凯莱英,20260719,,,161.99,
603259.SH,药明康德,20260719,,,117.50614058609,
300347.SZ,泰格医药,20260718,,,49.02,
688293.SH,奥浦迈,20260718,,,51.82,
300759.SZ,康龙化成,20260718,,,35.48,
002821.SZ,凯莱英,20260718,,,161.99,
603259.SH,药明康德,20260718,,,117.50614058609,
300347.SZ,泰格医药,20260717,3.2623436E7,1.64108617421E9,49.02,5.7616058751989
688293.SH,奥浦迈,20260717,5634443.0,2.95459954E8,51.82,4.9503034409881
300759.SZ,康龙化成,20260717,1.36362735E8,4.9527813711E9,35.48,9.6027934171402
002821.SZ,凯莱英,20260717,1.2646926E7,2.08796117244E9,161.99,3.989014668122
603259.SH,药明康德,20260717,8.6148284E7,1.0414951862E10,117.50614058609,3.4831590208722
300347.SZ,泰格医药,20260716,3.7570814E7,1.98920727809E9,53.99,6.6353593986362
688293.SH,奥浦迈,20260716,7033745.0,3.84099985E8,54.4,6.1797008287302
300759.SZ,康龙化成,20260716,1.3601671E8,5.34147455914E9,38.6,9.5784260077291
002821.SZ,凯莱英,20260716,2.1064269E7,3.93353478777E9,179.99,6.6439605967702
603259.SH,药明康德,20260716,8.3702202E7,1.0692844028E10,126.58647768627,3.3842587040175
300347.SZ,泰格医药,20260715,4.0025747E7,2.07176358354E9,51.9,7.0689236742085
688293.SH,奥浦迈,20260715,7652460.0,4.19143292E8,53.95,6.7232908505817
300759.SZ,康龙化成,20260715,1.61863924E8,6.42092637603E9,40.3,11.398611386459
002821.SZ,凯莱英,20260715,2.2471825E7,4.24028777298E9,195.75,7.0879231478441
603259.SH,药明康德,20260715,1.14997732E8,1.5180998366E10,131.07182532082,4.6496037877626
300347.SZ,泰格医药,20260714,2.7542559E7,1.29604854504E9,48.7,4.8642751717634
688293.SH,奥浦迈,20260714,5781975.0,2.88974933E8,51.0,5.0799219617995
300759.SZ,康龙化成,20260714,1.25951992E8,4.40312811378E9,36.93,8.8696589992369
002821.SZ,凯莱英,20260714,1.8047703E7,3.0663165251E9,177.95,5.6924941280522
603259.SH,药明康德,20260714,7.5092356E7,9.326276586E9,127.09481708485,3.0361442509981
300347.SZ,泰格医药,20260713,2.18231E7,1.00546038083E9,45.91,3.8541648762887
688293.SH,奥浦迈,20260713,2994877.0,1.42832027E8,46.4,2.6312361165844
300759.SZ,康龙化成,20260713,8.1178385E7,2.76263849798E9,34.08,5.7166590351248
002821.SZ,凯莱英,20260713,1.3461176E7,2.25284775232E9,165.33,4.2458403341786
603259.SH,药明康德,20260713,5.538763E7,6.711403748E9,119.84848879525,2.2394401155946
300347.SZ,泰格医药,20260712,,,47.27,
688293.SH,奥浦迈,20260712,,,48.39,
300759.SZ,康龙化成,20260712,,,33.94,
002821.SZ,凯莱英,20260712,,,165.41,
603259.SH,药明康德,20260712,,,122.89852518675,
300347.SZ,泰格医药,20260711,,,47.27,
688293.SH,奥浦迈,20260711,,,48.39,
300759.SZ,康龙化成,20260711,,,33.94,
002821.SZ,凯莱英,20260711,,,165.41,
603259.SH,药明康德,20260711,,,122.89852518675,
300347.SZ,泰格医药,20260710,3.4072791E7,1.57422080621E9,47.27,6.0175756106753
688293.SH,奥浦迈,20260710,4308973.0,2.04023107E8,48.39,3.7857732998674
300759.SZ,康龙化成,20260710,1.02202462E8,3.39461101782E9,33.94,7.1971945217227
002821.SZ,凯莱英,20260710,1.5536742E7,2.59357215105E9,165.41,4.9005024408957
603259.SH,药明康德,20260710,6.8307583E7,8.472889065E9,122.89852518675,2.7618213953098
300347.SZ,泰格医药,20260709,2.0850724E7,9.0524869858E8,43.45,3.6824341219163
688293.SH,奥浦迈,20260709,2359874.0,1.00145483E8,43.1,2.0733357995632
300759.SZ,康龙化成,20260709,7.2684186E7,2.25390250314E9,30.98,5.118489467456
002821.SZ,凯莱英,20260709,1.54466E7,2.4292562498E9,161.23,4.8720704124159
603259.SH,药明康德,20260709,5.8321665E7,6.939668543E9,120.67578624785,2.3580694138613
300347.SZ,泰格医药,20260708,2.287689E7,1.02218382516E9,43.001239384898,4.0402741093942
688293.SH,奥浦迈,20260708,1775199.0,7.4199124E7,40.810623556582,1.5596526077447
300759.SZ,康龙化成,20260708,6.5497134E7,2.0166281899E9,30.31,4.6123704340248
002821.SZ,凯莱英,20260708,1.2699136E7,1.94787069356E9,149.53,4.0054824212996
603259.SH,药明康德,20260708,5.0987524E7,5.974122282E9,115.02424822831,2.0615344372099
300347.SZ,泰格医药,20260707,1.8064771E7,8.5556296824E8,46.172481064953,3.1904085985217
688293.SH,奥浦迈,20260707,2901335.0,1.24031923E8,42.194203233256,2.5490520773676
300759.SZ,康龙化成,20260707,7.9272787E7,2.46243695788E9,30.57,5.5824650126148
002821.SZ,凯莱英,20260707,1.8321813E7,2.8787060544E9,153.1,5.7789521978376
603259.SH,药明康德,20260707,6.6594733E7,7.981712118E9,117.9148055928,2.6925672134285
300347.SZ,泰格医药,20260706,2.8519076E7,1.39140316966E9,48.765320174432,5.0367372657143
688293.SH,奥浦迈,20260706,3426950.0,1.56183353E8,44.244688221709,3.0108463919316
300759.SZ,康龙化成,20260706,8.7398276E7,2.7126107599E9,30.6,6.1546696716094
002821.SZ,凯莱英,20260706,2.3267769E7,3.87830413178E9,162.1,7.3389748493409
603259.SH,药明康德,20260706,9.2169753E7,1.1519021401E10,122.56959969355,3.726619866433
300347.SZ,泰格医药,20260705,,,46.800745926096,
688293.SH,奥浦迈,20260705,,,44.105334872979,
300759.SZ,康龙化成,20260705,,,29.377987012987,
002821.SZ,凯莱英,20260705,,,165.8,
603259.SH,药明康德,20260705,,,123.71585520015,
300347.SZ,泰格医药,20260704,,,46.800745926096,
688293.SH,奥浦迈,20260704,,,44.105334872979,
300759.SZ,康龙化成,20260704,,,29.377987012987,
002821.SZ,凯莱英,20260704,,,165.8,
603259.SH,药明康德,20260704,,,123.71585520015,
300347.SZ,泰格医药,20260703,1.9407478E7,8.9343399975E8,46.800745926096,3.4275432933427
688293.SH,奥浦迈,20260703,1840652.0,8.0709094E7,44.105334872979,1.6171582407102
300759.SZ,康龙化成,20260703,5.5725191E7,1.62987635158E9,29.377987012987,3.9242209193273
002821.SZ,凯莱英,20260703,1.7400987E7,2.74649481021E9,165.8,5.4885109933276
603259.SH,药明康德,20260703,7.1282233E7,8.753818153E9,123.71585520015,2.8820928447265
300347.SZ,泰格医药,20260702,2.3118107E7,1.07816532484E9,45.334794583429,4.0828753021195
688293.SH,奥浦迈,20260702,2428836.0,1.06919523E8,42.910877598152,2.1339243663297
300759.SZ,康龙化成,20260702,6.918155E7,2.03430090614E9,28.920974025974,4.8718305109351
002821.SZ,凯莱英,20260702,1.9579101E7,3.06524443438E9,153.19,6.1755181518136
603259.SH,药明康德,20260702,8.4469887E7,1.0463369502E10,120.90503734917,3.4152978473269
300347.SZ,泰格医药,20260701,3.304035E7,1.55438388572E9,47.349231122332,5.8352368119235
688293.SH,奥浦迈,20260701,3258791.0,1.40466105E8,44.483579676674,2.8631054215583
300759.SZ,康龙化成,20260701,9.4410269E7,2.73361202481E9,29.77538961039,6.6484608838598
002821.SZ,凯莱英,20260701,2.186222E7,3.47963361475E9,164.8,6.8956453337128
603259.SH,药明康德,20260701,1.1247678E8,1.3555146904E10,124.79233863245,4.5476763169846
300347.SZ,泰格医药,20260630,2.7839634E7,1.33146886608E9,47.867798944228,4.9167414130684
688293.SH,奥浦迈,20260630,2054862.0,8.6370546E7,41.497436489607,1.8053586537934
300759.SZ,康龙化成,20260630,7.3261904E7,2.11016284966E9,28.742142857143,5.159172918161
002821.SZ,凯莱英,20260630,1.8550007E7,3.04165899697E9,162.0,5.8509277287434
603259.SH,药明康德,20260630,7.937593E7,9.910470507E9,124.10458532848,3.2093382918646
300347.SZ,泰格医药,20260629,4.0058535E7,1.89562977407E9,49.02460408538,7.0715462548662
688293.SH,奥浦迈,20260629,3201918.0,1.30100528E8,41.407852193995,2.8131379966328
300759.SZ,康龙化成,20260629,1.16834932E8,3.32351748947E9,28.612987012987,8.2276269678929
002821.SZ,凯莱英,20260629,1.0601205E7,1.70007226083E9,167.75,3.3437660855111
603259.SH,药明康德,20260629,1.03053482E8,1.2743790053E10,125.75918023367,4.166672263148
300347.SZ,泰格医药,20260628,,,44.92592380078,
688293.SH,奥浦迈,20260628,,,37.476096997691,
300759.SZ,康龙化成,20260628,,,26.149090909091,
002821.SZ,凯莱英,20260628,,,152.5,
603259.SH,药明康德,20260628,,,117.79519632254,
300347.SZ,泰格医药,20260627,,,44.92592380078,
688293.SH,奥浦迈,20260627,,,37.476096997691,
300759.SZ,康龙化成,20260627,,,26.149090909091,
002821.SZ,凯莱英,20260627,,,152.5,
603259.SH,药明康德,20260627,,,117.79519632254,
300347.SZ,泰格医药,20260626,2.7751305E7,1.24184599263E9,44.92592380078,4.8989469270506
688293.SH,奥浦迈,20260626,2625139.0,1.00632277E8,37.476096997691,2.3063920648008
300759.SZ,康龙化成,20260626,7.6833004E7,2.03024912011E9,26.149090909091,5.4106531746398
002821.SZ,凯莱英,20260626,1.3838316E7,2.13293248666E9,152.5,4.3647954851723
603259.SH,药明康德,20260626,6.84942E7,8.135339308E9,117.79519632254,2.7693667189868
300347.SZ,泰格医药,20260625,2.9927014E7,1.29463621289E9,43.739201285288,5.2830255467662
688293.SH,奥浦迈,20260625,2694178.0,1.0550516E8,39.54648960739,2.3670482821522
300759.SZ,康龙化成,20260625,5.6854725E7,1.4209900758E9,25.20525974026,4.0037637772762
002821.SZ,凯莱英,20260625,1.7562142E7,2.57824566062E9,150.16,5.5393415001908
603259.SH,药明康德,20260625,7.6434366E7,8.88958029E9,116.83832216051,3.0904045800558
300347.SZ,泰格医药,20260624,3.849305E7,1.66973060723E9,43.260523295846,6.79519067699
688293.SH,奥浦迈,20260624,3073811.0,1.24662523E8,39.904826789838,2.7005858733946
300759.SZ,康龙化成,20260624,6.8424299E7,1.70227603058E9,24.648896103896,4.8185041757166
002821.SZ,凯莱英,20260624,6729132.0,9.3090562974E8,140.3548870989,2.1224609246333
603259.SH,药明康德,20260624,1.09805764E8,1.2565506854E10,115.02424822831,4.4396814383484
300347.SZ,泰格医药,20260623,2.7158223E7,1.14307946732E9,40.966857929768,4.7942499680648
688293.SH,奥浦迈,20260623,2381864.0,9.4865324E7,40.044180138568,2.0926557523371
300759.SZ,康龙化成,20260623,4.4022696E7,1.0561722802E9,23.546103896104,3.10012009772
002821.SZ,凯莱英,20260623,8951350.0,1.15381954E9,127.59535190809,2.823379092239
603259.SH,药明康德,20260623,5.2508444E7,5.647999258E9,105.96384600651,2.1230284794827
300347.SZ,泰格医药,20260622,2.1270015E7,8.483658362E8,41.086527427129,3.7548026884707
688293.SH,奥浦迈,20260622,2335558.0,8.7325518E7,38.103187066975,2.0519722719757
300759.SZ,康龙化成,20260622,4.6217366E7,1.06187750303E9,23.516298701299,3.2546708452449
002821.SZ,凯莱英,20260622,6503154.0,8.0007296989E8,124.7301571372,2.0511843506522
603259.SH,药明康德,20260622,5.7196228E7,5.970628411E9,106.48215284428,2.3125655935069
300347.SZ,泰格医药,20260621,,,40.009501950884,
688293.SH,奥浦迈,20260621,,,37.914064665127,
300759.SZ,康龙化成,20260621,,,22.562532467532,
002821.SZ,凯莱英,20260621,,,122.75723755447,
603259.SH,药明康德,20260621,,,102.38553533806,
300347.SZ,泰格医药,20260620,,,40.009501950884,
688293.SH,奥浦迈,20260620,,,37.914064665127,
300759.SZ,康龙化成,20260620,,,22.562532467532,
002821.SZ,凯莱英,20260620,,,122.75723755447,
603259.SH,药明康德,20260620,,,102.38553533806,
300347.SZ,泰格医药,20260619,,,40.009501950884,
688293.SH,奥浦迈,20260619,,,37.914064665127,
300759.SZ,康龙化成,20260619,,,22.562532467532,
002821.SZ,凯莱英,20260619,,,122.75723755447,
603259.SH,药明康德,20260619,,,102.38553533806,
300347.SZ,泰格医药,20260618,1.9355143E7,7.7706773241E8,40.009501950884,3.4167697094777
688293.SH,奥浦迈,20260618,1885914.0,7.179777E7,37.914064665127,1.6569244845689
300759.SZ,康龙化成,20260618,4.1863671E7,9.4437000148E8,22.562532467532,2.9480795049771
002821.SZ,凯莱英,20260618,7194551.0,8.6955778743E8,122.75723755447,2.2692604882445
603259.SH,药明康德,20260618,5.6942278E7,5.799270625E9,102.38553533806,2.3022978529057
300347.SZ,泰格医药,20260617,1.8215331E7,7.2623398028E8,40.079309157677,3.2155583251908
688293.SH,奥浦迈,20260617,1491828.0,5.5630347E7,37.336743648961,1.3106887906688
300759.SZ,康龙化成,20260617,2.4892988E7,5.5051926998E8,22.026038961039,1.7529878767784
002821.SZ,凯莱英,20260617,3374958.0,3.838700917E8,114.01294071042,1.0645082422634
603259.SH,药明康德,20260617,2.7350461E7,2.675453909E9,97.880252825129,1.1058375226274
300347.SZ,泰格医药,20260616,1.9207502E7,7.5232227184E8,39.251595134267,3.3907065955716
688293.SH,奥浦迈,20260616,1535180.0,5.5629698E7,36.630023094688,1.3487769485886
300759.SZ,康龙化成,20260616,2.5920958E7,5.7149111142E8,21.847207792208,1.8253785013066
002821.SZ,凯莱英,20260616,4296498.0,4.8539939061E8,111.10808926449,1.3551746522085
603259.SH,药明康德,20260616,2.7170294E7,2.67976912E9,97.840383068378,1.0985529862191
300347.SZ,泰格医药,20260615,2.5584023E7,1.00238997715E9,39.29148496672,4.5163559283948
688293.SH,奥浦迈,20260615,1221987.0,4.3635154E7,35.764041570439,1.07361214781
300759.SZ,康龙化成,20260615,4.282515E7,9.5259495902E8,22.324090909091,3.0157877700828
002821.SZ,凯莱英,20260615,4705758.0,5.3542526784E8,113.57671728509,1.4842608936458
603259.SH,药明康德,20260615,3.6769909E7,3.629094737E9,99.046443210113,1.4866859127455
300347.SZ,泰格医药,20260614,,,39.710328207482,
688293.SH,奥浦迈,20260614,,,35.614734411085,
300759.SZ,康龙化成,20260614,,,22.234675324675,
002821.SZ,凯莱英,20260614,,,116.00568863066,
603259.SH,药明康德,20260614,,,99.385336142501,
300347.SZ,泰格医药,20260613,,,39.710328207482,
688293.SH,奥浦迈,20260613,,,35.614734411085,
300759.SZ,康龙化成,20260613,,,22.234675324675,
002821.SZ,凯莱英,20260613,,,116.00568863066,
603259.SH,药明康德,20260613,,,99.385336142501,
300347.SZ,泰格医药,20260612,2.9174145E7,1.15269792991E9,39.710328207482,5.150121336531
688293.SH,奥浦迈,20260612,1571155.0,5.5822032E7,35.614734411085,1.3803838290361
300759.SZ,康龙化成,20260612,7.0001507E7,1.52974450168E9,22.234675324675,4.9295726622783
002821.SZ,凯莱英,20260612,6004818.0,6.9455401638E8,116.00568863066,1.894002311819
603259.SH,药明康德,20260612,6.1270023E7,6.018412066E9,99.385336142501,2.477277821593
300347.SZ,泰格医药,20260611,2.6306009E7,1.04329784872E9,39.590658710122,4.6438083525628
688293.SH,奥浦迈,20260611,1168681.0,4.0388088E7,34.350600461894,1.026778614269
300759.SZ,康龙化成,20260611,2.9624809E7,6.4274017236E8,21.578961038961,2.0862072093907
002821.SZ,凯莱英,20260611,4294823.0,4.9021813384E8,112.63487125314,1.3546463341359
603259.SH,药明康德,20260611,3.2918052E7,3.18011604E9,96.753932196897,1.3309471117654
300347.SZ,泰格医药,20260610,1.9840029E7,7.6853105093E8,38.653247647464,3.5023667932786
688293.SH,奥浦迈,20260610,1333429.0,4.6679657E7,35.117043879908,1.1715227515858
300759.SZ,康龙化成,20260610,2.09012E7,4.6408908249E8,22.135324675325,1.4718823714582
002821.SZ,凯莱英,20260610,4064920.0,4.5913852738E8,112.42667370923,1.282131761089
603259.SH,药明康德,20260610,5.7646627E7,5.540197469E9,96.724029879333,2.3307761865333
300347.SZ,泰格医药,20260609,1.6501573E7,6.091125728E8,36.908067477622,2.9130280662424
688293.SH,奥浦迈,20260609,1721773.0,6.1560848E7,35.65454965358,1.5127136447206
300759.SZ,康龙化成,20260609,2.0537285E7,4.4936284617E8,22.055844155844,1.4462551312419
002821.SZ,凯莱英,20260609,6610516.0,7.2116368584E8,110.42401162023,2.0850478043325
603259.SH,药明康德,20260609,8.2447808E7,7.550307899E9,93.175621528443,3.3335408768716
300347.SZ,泰格医药,20260608,2.161019E7,8.0220272752E8,36.070380996098,3.8148538922217
688293.SH,奥浦迈,20260608,2884134.0,1.03089231E8,35.037413394919,2.5339396395475
300759.SZ,康龙化成,20260608,2.4121624E7,5.3949984034E8,21.966428571429,1.6986676906849
002821.SZ,凯莱英,20260608,4838636.0,5.4734700444E8,111.59388353361,1.5261724452016
603259.SH,药明康德,20260608,4.5845575E7,4.372314526E9,95.687416203792,1.8536344627401
300347.SZ,泰格医药,20260607,,,38.812806977278,
688293.SH,奥浦迈,20260607,,,37.277020785219,
300759.SZ,康龙化成,20260607,,,22.920194805195,
002821.SZ,凯莱英,20260607,,,115.27204014261,
603259.SH,药明康德,20260607,,,96.245592798315,
300347.SZ,泰格医药,20260606,,,38.812806977278,
688293.SH,奥浦迈,20260606,,,37.277020785219,
300759.SZ,康龙化成,20260606,,,22.920194805195,
002821.SZ,凯莱英,20260606,,,115.27204014261,
603259.SH,药明康德,20260606,,,96.245592798315,
300347.SZ,泰格医药,20260605,1.8558643E7,7.3229271517E8,38.812806977278,3.2761633045754
688293.SH,奥浦迈,20260605,1848202.0,6.9896562E7,37.277020785219,1.6237915123538
300759.SZ,康龙化成,20260605,2.7941841E7,6.5286117385E8,22.920194805195,1.9676910030998
002821.SZ,凯莱英,20260605,5909045.0,6.9909334737E8,115.27204014261,1.8637941883738
603259.SH,药明康德,20260605,4.2453191E7,4.164376641E9,96.245592798315,1.7164731359764
300347.SZ,泰格医药,20260604,1.2668306E7,4.9934103477E8,39.470989212761,2.2363401919166
688293.SH,奥浦迈,20260604,2143660.0,8.3304692E7,38.262448036951,1.8833747141126
300759.SZ,康龙化成,20260604,2.4355947E7,5.6159254731E8,22.830779220779,1.7151689390787
002821.SZ,凯莱英,20260604,4489747.0,5.2790209976E8,118.59328667635,1.4161280487572
603259.SH,药明康德,20260604,3.3222225E7,3.231203356E9,96.434974142885,1.3432454754664
300347.SZ,泰格医药,20260603,1.4395594E7,5.6571679931E8,39.26156759238,2.54125890618
688293.SH,奥浦迈,20260603,1747973.0,7.1253232E7,40.034226327945,1.5357324151925
300759.SZ,康龙化成,20260603,3.0451397E7,7.1614255184E8,23.337467532468,2.1444163220569
002821.SZ,凯莱英,20260603,5189567.0,6.03847057E8,115.62895021788,1.6368609165739
603259.SH,药明康德,20260603,3.4171358E7,3.38623075E9,98.528136372342,1.3816209487487
300347.SZ,泰格医药,20260602,1.2897251E7,5.0813466951E8,39.082063346339,2.2767559274726
688293.SH,奥浦迈,20260602,2802014.0,1.1679907E8,41.019653579677,2.4617907299616
300759.SZ,康龙化成,20260602,2.2939861E7,5.5157375396E8,23.883896103896,1.6154468169101
002821.SZ,凯莱英,20260602,4805298.0,5.4580119415E8,112.93229631586,1.5156571807803
603259.SH,药明康德,20260602,3.8407839E7,3.778545937E9,99.425205899253,1.5529109190969
300347.SZ,泰格医药,20260601,1.4738823E7,5.781155344E8,39.331374799174,2.6018492335475
688293.SH,奥浦迈,20260601,2280285.0,1.04200605E8,44.75233256351,2.0034105734912
300759.SZ,康龙化成,20260601,2.4089016E7,5.9496327534E8,24.380649350649,1.6963714043297
002821.SZ,凯莱英,20260601,7824229.0,9.3178734843E8,114.39959329196,2.4678696030755
603259.SH,药明康德,20260601,5.290328E7,5.365645101E9,99.664424439762,2.13899254181
300347.SZ,泰格医药,20260531,,,39.341347257287,
688293.SH,奥浦迈,20260531,,,43.40856812933,
300759.SZ,康龙化成,20260531,,,24.937012987013,
002821.SZ,凯莱英,20260531,,,116.41216954972,
603259.SH,药明康德,20260531,,,101.26918214901,
300347.SZ,泰格医药,20260530,,,39.341347257287,
688293.SH,奥浦迈,20260530,,,43.40856812933,
300759.SZ,康龙化成,20260530,,,24.937012987013,
002821.SZ,凯莱英,20260530,,,116.41216954972,
603259.SH,药明康德,20260530,,,101.26918214901,
300347.SZ,泰格医药,20260529,1.7088186E7,6.7799285779E8,39.341347257287,3.0165830505473
688293.SH,奥浦迈,20260529,1050370.0,4.6122099E7,43.40856812933,0.92283305116596
300759.SZ,康龙化成,20260529,3.1425539E7,7.9087053734E8,24.937012987013,2.2130163276593
002821.SZ,凯莱英,20260529,6954584.0,8.1954884547E8,116.41216954972,2.193571590969
603259.SH,药明康德,20260529,5.7078105E7,5.807099294E9,101.26918214901,2.3077896284625
300347.SZ,泰格医药,20260528,1.536577E7,6.1382307468E8,39.131925636906,2.7125243920337
688293.SH,奥浦迈,20260528,736293.0,3.2795589E7,44.374087759815,0.64689158652869
300759.SZ,康龙化成,20260528,2.224047E7,5.5929157705E8,24.857532467532,1.56619503789
002821.SZ,凯莱英,20260528,5739997.0,6.8098290143E8,116.61045292486,1.8104741205868
603259.SH,药明康德,20260528,3.3744141E7,3.399183517E9,98.896931622295,1.3643476534685
300347.SZ,泰格医药,20260527,2.0965964E7,8.3002763445E8,39.590658710122,3.7011284662272
688293.SH,奥浦迈,20260527,727719.0,3.2534952E7,44.652794457275,0.63935864996282
300759.SZ,康龙化成,20260527,2.6173765E7,6.6465747981E8,25.145649350649,1.8431814105501
002821.SZ,凯莱英,20260527,7015540.0,8.4806729499E8,121.11148554074,2.2127979530201
603259.SH,药明康德,20260527,3.7219658E7,3.821986128E9,100.69238186901,1.5048702248843
300347.SZ,泰格医药,20260526,1.88155E7,7.6518863501E8,40.757436309387,3.3215063545992
688293.SH,奥浦迈,20260526,791466.0,3.5206781E7,44.44376443418,0.69536542711056
300759.SZ,康龙化成,20260526,2.0338993E7,5.1775015721E8,25.334415584416,1.4322912201171
002821.SZ,凯莱英,20260526,5201872.0,6.3390854618E8,122.43006998547,1.6407420830717
603259.SH,药明康德,20260526,3.9096909E7,4.020846561E9,102.14443999203,1.5807714901387
300347.SZ,泰格医药,20260525,1.6653492E7,6.9786158943E8,42.183497819601,2.9398463768843
688293.SH,奥浦迈,20260525,779337.0,3.5261574E7,45.050946882217,0.68470914210852
300759.SZ,康龙化成,20260525,2.0576537E7,5.2698641982E8,25.622532467532,1.4490192943926
002821.SZ,凯莱英,20260525,7827297.0,9.6028929221E8,122.8662934108,2.4688372925364
603259.SH,药明康德,20260525,3.1185588E7,3.189243957E9,100.61389224074,1.2608998939945
300347.SZ,泰格医药,20260524,,,42.203442735827,
688293.SH,奥浦迈,20260524,,,45.439145496536,
300759.SZ,康龙化成,20260524,,,25.761623376623,
002821.SZ,凯莱英,20260524,,,125.76123068797,
603259.SH,药明康德,20260524,,,102.01689434609,
300347.SZ,泰格医药,20260523,,,42.203442735827,
688293.SH,奥浦迈,20260523,,,45.439145496536,
300759.SZ,康龙化成,20260523,,,25.761623376623,
002821.SZ,凯莱英,20260523,,,125.76123068797,
603259.SH,药明康德,20260523,,,102.01689434609,
300347.SZ,泰格医药,20260522,3.1408531E7,1.34959043234E9,42.203442735827,5.5445582262032
688293.SH,奥浦迈,20260522,810685.0,3.6944519E7,45.439145496536,0.71225083740442
300759.SZ,康龙化成,20260522,3.3067685E7,8.5870678615E8,25.761623376623,2.3286578099073
002821.SZ,凯莱英,20260522,8561153.0,1.0796632541E9,125.76123068797,2.700305583589
603259.SH,药明康德,20260522,3.3222712E7,3.448079941E9,102.01689434609,1.343265165916
300347.SZ,泰格医药,20260521,1.4873758E7,6.8420400343E8,45.344767041542,2.6256693531275
688293.SH,奥浦迈,20260521,1360948.0,6.3606267E7,45.130577367206,1.1957003677925
300759.SZ,康龙化成,20260521,3.371063E7,9.0822320201E8,26.506753246753,2.3739346079532
002821.SZ,凯莱英,20260521,1.2364196E7,1.5468851942E9,125.06723887495,3.8998377315986
603259.SH,药明康德,20260521,5.8326557E7,6.170198014E9,102.26217443444,2.3582672078642
300347.SZ,泰格医药,20260520,8391244.0,3.7816546588E8,44.766364470966,1.4813090414282
688293.SH,奥浦迈,20260520,1588811.0,7.4430462E7,46.673418013857,1.3958960203129
300759.SZ,康龙化成,20260520,2.4647981E7,6.5375680151E8,26.496818181818,1.7357342509491
002821.SZ,凯莱英,20260520,5699224.0,6.7196161606E8,117.83980985079,1.7976137547506
603259.SH,药明康德,20260520,3.2547313E7,3.341902258E9,101.1535084351,1.3159573425874
300347.SZ,泰格医药,20260519,1.3101193E7,5.9370862893E8,45.48438145513,2.31275787528
688293.SH,奥浦迈,20260519,1202940.0,5.5123499E7,45.548637413395,1.0568778531085
300759.SZ,康龙化成,20260519,1.849355E7,4.8784642671E8,26.159025974026,1.302333369887
002821.SZ,凯莱英,20260519,4923377.0,5.8717688893E8,116.87813548132,1.5529009238842
603259.SH,药明康德,20260519,2.8416458E7,2.899637895E9,99.868240772156,1.1489380568966
300347.SZ,泰格医药,20260518,1.1962567E7,5.5280950516E8,45.983004360799,2.1117558559602
688293.SH,奥浦迈,20260518,1448069.0,6.6824657E7,46.285219399538,1.2722430510857
300759.SZ,康龙化成,20260518,1.9019547E7,5.0100328419E8,26.168961038961,1.339374578609
002821.SZ,凯莱英,20260518,5396736.0,6.3729358921E8,117.75058233197,1.7022048728665
603259.SH,药明康德,20260518,2.7470882E7,2.804949157E9,100.12333206404,1.1107064007174
300347.SZ,泰格医药,20260517,,,46.631214138168,
688293.SH,奥浦迈,20260517,,,45.916928406467,
300759.SZ,康龙化成,20260517,,,26.417337662338,
002821.SZ,凯莱英,20260517,,,116.95744883137,
603259.SH,药明康德,20260517,,,101.18294204571,
300347.SZ,泰格医药,20260516,,,46.631214138168,
688293.SH,奥浦迈,20260516,,,45.916928406467,
300759.SZ,康龙化成,20260516,,,26.417337662338,
002821.SZ,凯莱英,20260516,,,116.95744883137,
603259.SH,药明康德,20260516,,,101.18294204571,
300347.SZ,泰格医药,20260515,1.7764775E7,8.3675097132E8,46.631214138168,3.136021527492
688293.SH,奥浦迈,20260515,1002070.0,4.6605514E7,45.916928406467,0.88039768422735
300759.SZ,康龙化成,20260515,2.4847494E7,6.6397485957E8,26.417337662338,1.7497841460545
002821.SZ,凯莱英,20260515,8560477.0,1.03100855142E9,116.95744883137,2.7000923638773
603259.SH,药明康德,20260515,3.9448725E7,4.1066345E9,101.18294204571,1.5949961620322
300347.SZ,泰格医药,20260514,1.9650524E7,9.563458071E8,47.827909111774,3.4689134137921
688293.SH,奥浦迈,20260514,1142598.0,5.3307932E7,46.195635103926,1.0038626375431
300759.SZ,康龙化成,20260514,2.8692829E7,7.7272429914E8,26.427272727273,2.020576291905
002821.SZ,凯莱英,20260514,5868959.0,7.2909815897E8,121.14122804701,1.8511505118008
603259.SH,药明康德,20260514,6.0141319E7,6.382539682E9,101.0652076033,2.4316419094547
300347.SZ,泰格医药,20260513,4.5311959E7,2.14671442409E9,48.954796878586,8.0026178290553
688293.SH,奥浦迈,20260513,1672046.0,7.9399401E7,47.280600461894,1.4690245455124
300759.SZ,康龙化成,20260513,2.5346359E7,6.8907773563E8,27.132662337662,1.7849146935464
002821.SZ,凯莱英,20260513,6310858.0,7.9943041249E8,125.59268981909,1.9905315434308
603259.SH,药明康德,20260513,3.5152562E7,3.821309906E9,106.86362889187,1.4212931210222
300347.SZ,泰格医药,20260512,1.0336384E7,5.3458895755E8,51.388076658251,1.8255253736958
688293.SH,奥浦迈,20260512,3377456.0,1.65554998E8,48.066951501155,2.9673620016364
300759.SZ,康龙化成,20260512,3.5517061E7,9.8147361811E8,27.251883116883,2.5011451960608
002821.SZ,凯莱英,20260512,1.0696354E7,1.39614316589E9,127.78372111449,3.3737773907609
603259.SH,药明康德,20260512,6.4994069E7,7.187971642E9,108.24700859016,2.627848951008
300347.SZ,泰格医药,20260511,1.3335805E7,6.8883396752E8,52.255680514115,2.3552579321897
688293.SH,奥浦迈,20260511,2628309.0,1.34706843E8,51.799630484988,2.309177160312
300759.SZ,康龙化成,20260511,4.2941454E7,1.17974691344E9,27.808246753247,3.0239780083146
002821.SZ,凯莱英,20260511,1.0959301E7,1.39201322502E9,128.96350719662,3.4567144965792
603259.SH,药明康德,20260511,5.3919538E7,5.778563639E9,106.66740482119,2.1800820221325
300347.SZ,泰格医药,20260510,,,51.019095708056,
688293.SH,奥浦迈,20260510,,,51.640369515012,
300759.SZ,康龙化成,20260510,,,27.033311688312,
002821.SZ,凯莱英,20260510,,,122.51929750429,
603259.SH,药明康德,20260510,,,104.78365374267,
300347.SZ,泰格医药,20260509,,,51.019095708056,
688293.SH,奥浦迈,20260509,,,51.640369515012,
300759.SZ,康龙化成,20260509,,,27.033311688312,
002821.SZ,凯莱英,20260509,,,122.51929750429,
603259.SH,药明康德,20260509,,,104.78365374267,
300347.SZ,泰格医药,20260508,1.4341715E7,7.4031375853E8,51.019095708056,2.5329133123163
688293.SH,奥浦迈,20260508,1028772.0,5.3576523E7,51.640369515012,0.9038575013701
300759.SZ,康龙化成,20260508,3.6549037E7,1.00191313893E9,27.033311688312,2.5738179269169
002821.SZ,凯莱英,20260508,5666072.0,7.0791579515E8,122.51929750429,1.7871571572915
603259.SH,药明康德,20260508,4.5533569E7,4.896194844E9,104.78365374267,1.8410193941281
300347.SZ,泰格医药,20260507,1.2375268E7,6.5885011456E8,52.983669956392,2.1856159504412
688293.SH,奥浦迈,20260507,1556001.0,8.1395413E7,52.337136258661,1.3670698424815
300759.SZ,康龙化成,20260507,3.7059983E7,1.04556565174E9,27.887727272727,2.6097992299123
002821.SZ,凯莱英,20260507,7829843.0,1.00724114654E9,126.98067344513,2.4696403360068
603259.SH,药明康德,20260507,4.8096813E7,5.338831847E9,109.17907292588,1.9446568207459
300347.SZ,泰格医药,20260506,2.0343774E7,1.09225682536E9,53.831328896029,3.5929465888392
688293.SH,奥浦迈,20260506,1833487.0,9.4440938E7,51.431339491917,1.6108632219914
300759.SZ,康龙化成,20260506,5.2155589E7,1.4698586141E9,27.917532467532,3.6728461534324
002821.SZ,凯莱英,20260506,8353365.0,1.03177612226E9,123.60985606761,2.6347663861698
603259.SH,药明康德,20260506,5.4092239E7,5.903886889E9,106.94211852014,2.1870646922233
300347.SZ,泰格医药,20260505,,,55.047968785862,
688293.SH,奥浦迈,20260505,,,50.007944572748,
300759.SZ,康龙化成,20260505,,,29.119675324675,
002821.SZ,凯莱英,20260505,,,124.48230291826,
603259.SH,药明康德,20260505,,,107.48173471451,
300347.SZ,泰格医药,20260504,,,55.047968785862,
688293.SH,奥浦迈,20260504,,,50.007944572748,
300759.SZ,康龙化成,20260504,,,29.119675324675,
002821.SZ,凯莱英,20260504,,,124.48230291826,
603259.SH,药明康德,20260504,,,107.48173471451,
300347.SZ,泰格医药,20260503,,,55.047968785862,
688293.SH,奥浦迈,20260503,,,50.007944572748,
300759.SZ,康龙化成,20260503,,,29.119675324675,
002821.SZ,凯莱英,20260503,,,124.48230291826,
603259.SH,药明康德,20260503,,,107.48173471451,
300347.SZ,泰格医药,20260502,,,55.047968785862,
688293.SH,奥浦迈,20260502,,,50.007944572748,
300759.SZ,康龙化成,20260502,,,29.119675324675,
002821.SZ,凯莱英,20260502,,,124.48230291826,
603259.SH,药明康德,20260502,,,107.48173471451,
300347.SZ,泰格医药,20260501,,,55.047968785862,
688293.SH,奥浦迈,20260501,,,50.007944572748,
300759.SZ,康龙化成,20260501,,,29.119675324675,
002821.SZ,凯莱英,20260501,,,124.48230291826,
603259.SH,药明康德,20260501,,,107.48173471451,
300347.SZ,泰格医药,20260430,1.6359774E7,9.0186905548E8,55.047968785862,2.8893259523764
688293.SH,奥浦迈,20260430,2277927.0,1.14955069E8,50.007944572748,2.0013388841488
300759.SZ,康龙化成,20260430,3.656449E7,1.07839802608E9,29.119675324675,2.5749061418656
002821.SZ,凯莱英,20260430,7597472.0,9.6089878234E8,124.48230291826,2.3963473217639
603259.SH,药明康德,20260430,5.9682513E7,6.50555629E9,107.48173471451,2.4130914034721
300347.SZ,泰格医药,20260429,2.3497154E7,1.30576836183E9,56.224718843241,4.1498700935102
688293.SH,奥浦迈,20260429,1162083.0,6.0332762E7,51.520923787529,1.0209817498578
300759.SZ,康龙化成,20260429,6.3198335E7,1.86708465254E9,29.556818181818,4.4504868233409
002821.SZ,凯莱英,20260429,1.4735434E7,1.86078777455E9,125.71165984418,4.6477588599114
603259.SH,药明康德,20260429,1.04052161E8,1.1598965408E10,109.08096089054,4.207050986975
300347.SZ,泰格医药,20260428,1.8131733E7,1.05968786984E9,58.22918292403,3.2022744763137
688293.SH,奥浦迈,20260428,2120034.0,1.10185692E8,51.5507852194,1.8626174060527
300759.SZ,康龙化成,20260428,5.8151814E7,1.7934722622E9,30.719220779221,4.0951060175932
002821.SZ,凯莱英,20260428,9863556.0,1.2558141791E9,128.37857123993,3.111101430011
603259.SH,药明康德,20260428,5.3837225E7,5.924749802E9,108.48247747497,2.1767539318308
300347.SZ,泰格医药,20260427,1.1216778E7,6.2828131424E8,56.703396832683,1.9810131715417
688293.SH,奥浦迈,20260427,1334915.0,6.6622963E7,49.579930715935,1.1728283200179
300759.SZ,康龙化成,20260427,1.8640012E7,5.4675816308E8,29.139545454545,1.3126473631452
002821.SZ,凯莱英,20260427,8850102.0,1.04369986735E9,116.70959461244,2.7914440783773
603259.SH,药明康德,20260427,3.2219614E7,3.23077672E9,98.622217923344,1.3027077724859
300347.SZ,泰格医药,20260426,,,55.865710351159,
688293.SH,奥浦迈,20260426,,,48.723903002309,
300759.SZ,康龙化成,20260426,,,29.03025974026,
002821.SZ,凯莱英,20260426,,,116.07508781196,
603259.SH,药明康德,20260426,,,98.19052496785,
300347.SZ,泰格医药,20260425,,,55.865710351159,
688293.SH,奥浦迈,20260425,,,48.723903002309,
300759.SZ,康龙化成,20260425,,,29.03025974026,
002821.SZ,凯莱英,20260425,,,116.07508781196,
603259.SH,药明康德,20260425,,,98.19052496785,
300347.SZ,泰格医药,20260424,9769319.0,5.4823513137E8,55.865710351159,1.7253751136014
688293.SH,奥浦迈,20260424,2075191.0,1.01811046E8,48.723903002309,1.8232192868057
300759.SZ,康龙化成,20260424,2.7530716E7,8.0578387846E8,29.03025974026,1.9387391898084
002821.SZ,凯莱英,20260424,1.2978951E7,1.50095259703E9,116.07508781196,4.0937399266697
603259.SH,药明康德,20260424,3.1833768E7,3.18152753E9,98.19052496785,1.2871071950493
300347.SZ,泰格医药,20260423,9376470.0,5.2881001953E8,55.955462474179,1.6559934209775
688293.SH,奥浦迈,20260423,1581189.0,8.0049025E7,49.51025404157,1.3891994909794
300759.SZ,康龙化成,20260423,2.8256163E7,8.4291358667E8,29.427662337662,1.9898258571159
002821.SZ,凯莱英,20260423,6116326.0,6.9165688084E8,111.04860425195,1.9291734710092
603259.SH,药明康德,20260423,3.5649196E7,3.562530998E9,98.298448206723,1.4413730937954
300347.SZ,泰格医药,20260422,7108613.0,4.0648546025E8,57.231937112692,1.2554635550772
688293.SH,奥浦迈,20260422,1733313.0,9.1804244E7,52.75519630485,1.5228524466765
300759.SZ,康龙化成,20260422,1.8627897E7,5.6437132746E8,30.242337662338,1.3117942133294
002821.SZ,凯莱英,20260422,5402362.0,6.0619625665E8,112.06976363396,1.703979390763
603259.SH,药明康德,20260422,2.7067909E7,2.681090651E9,97.376195074531,1.0944133421102
300347.SZ,泰格医药,20260421,9046673.0,5.2113901706E8,57.022515492311,1.5977474433059
688293.SH,奥浦迈,20260421,3562029.0,1.85664072E8,52.486443418014,3.1295239681366
300759.SZ,康龙化成,20260421,2.0815706E7,6.2925590363E8,29.884675324675,1.4658618027126
002821.SZ,凯莱英,20260421,6393034.0,7.1789425591E8,110.37444077644,2.0164509857813
603259.SH,药明康德,20260421,2.9936684E7,2.946365742E9,96.689410827154,1.2104040392679
300347.SZ,泰格医药,20260420,1.1530065E7,6.7391072947E8,58.508411751205,2.0363432916058
688293.SH,奥浦迈,20260420,1595208.0,8.9656669E7,55.054526558891,1.4015162903399
300759.SZ,康龙化成,20260420,2.1951732E7,6.732569451E8,30.391363636364,1.5458618334725
002821.SZ,凯莱英,20260420,5491320.0,6.2691761688E8,112.74392710947,1.7320379693336
603259.SH,药明康德,20260420,3.7393938E7,3.712781299E9,97.876566454763,1.5119167373158
300347.SZ,泰格医药,20260419,,,57.441358733073,
688293.SH,奥浦迈,20260419,,,55.552217090069,
300759.SZ,康龙化成,20260419,,,30.272142857143,
002821.SZ,凯莱英,20260419,,,113.42800475373,
603259.SH,药明康德,20260419,,,97.513551924007,
300347.SZ,泰格医药,20260418,,,57.441358733073,
688293.SH,奥浦迈,20260418,,,55.552217090069,
300759.SZ,康龙化成,20260418,,,30.272142857143,
002821.SZ,凯莱英,20260418,,,113.42800475373,
603259.SH,药明康德,20260418,,,97.513551924007,
300347.SZ,泰格医药,20260417,1.173929E7,6.7280376292E8,57.441358733073,2.0732948547744
688293.SH,奥浦迈,20260417,1591005.0,8.8163809E7,55.552217090069,1.3978236226952
300759.SZ,康龙化成,20260417,3.7760346E7,1.15519399766E9,30.272142857143,2.6591194580964
002821.SZ,凯莱英,20260417,8128919.0,9.3796873534E8,113.42800475373,2.5639730260916
603259.SH,药明康德,20260417,7.77282E7,7.833958763E9,97.513551924007,3.1427170505934
300347.SZ,泰格医药,20260416,8582499.0,5.023477172E8,58.458549460638,1.515768927917
688293.SH,奥浦迈,20260416,2274828.0,1.25355731E8,55.253602771363,1.9986161677483
300759.SZ,康龙化成,20260416,3.0521559E7,9.5427967327E8,31.186168831169,2.1493571967888
002821.SZ,凯莱英,20260416,8410005.0,9.8784128412E8,116.40225538096,2.6526314223693
603259.SH,药明康德,20260416,3.4764777E7,3.694933819E9,103.6651765398,1.4056141456766
300347.SZ,泰格医药,20260415,1.5821873E7,9.3208752279E8,58.887365159513,2.794326393146
688293.SH,奥浦迈,20260415,1471900.0,7.8466522E7,53.20311778291,1.2931804678458
300759.SZ,康龙化成,20260415,4.9221169E7,1.53191904553E9,31.096753246753,3.4662015077444
002821.SZ,凯莱英,20260415,1.7708306E7,2.0688097188E9,116.83847880629,5.5854436391573
603259.SH,药明康德,20260415,3.6784649E7,3.924413397E9,104.81308735327,1.4872818824107
300347.SZ,泰格医药,20260414,1.4275655E7,8.220411508E8,59.286263484049,2.5212463496545
688293.SH,奥浦迈,20260414,1636339.0,8.612442E7,53.34247113164,1.4376531242437
300759.SZ,康龙化成,20260414,3.5025076E7,1.08194689273E9,31.176233766234,2.4664991447087
002821.SZ,凯莱英,20260414,9286380.0,1.11591477825E9,120.28860953387,2.9290521691797
603259.SH,药明康德,20260414,3.1017434E7,3.271850697E9,104.53837365432,1.25410106882
300347.SZ,泰格医药,20260413,9112000.0,5.1369356013E8,55.905600183613,1.6092849496609
688293.SH,奥浦迈,20260413,1698175.0,8.7755912E7,52.018614318707,1.4919809368734
300759.SZ,康龙化成,20260413,2.8984813E7,8.9065364431E8,30.470844155844,2.041138082728
002821.SZ,凯莱英,20260413,8433059.0,1.02632992821E9,119.92178528985,2.6599029715315
603259.SH,药明康德,20260413,2.4960897E7,2.636691394E9,103.71423255747,1.0092223491603
300347.SZ,泰格医药,20260412,,,57.700642644021,
688293.SH,奥浦迈,20260412,,,51.710046189376,
300759.SZ,康龙化成,20260412,,,30.907987012987,
002821.SZ,凯莱英,20260412,,,120.22912452133,
603259.SH,药明康德,20260412,,,104.32252717657,
300347.SZ,泰格医药,20260411,,,57.700642644021,
688293.SH,奥浦迈,20260411,,,51.710046189376,
300759.SZ,康龙化成,20260411,,,30.907987012987,
002821.SZ,凯莱英,20260411,,,120.22912452133,
603259.SH,药明康德,20260411,,,104.32252717657,
300347.SZ,泰格医药,20260410,1.6503904E7,9.4584715586E8,57.700642644021,2.9147809830826
688293.SH,奥浦迈,20260410,3178596.0,1.63943882E8,51.710046189376,2.7926477765968
300759.SZ,康龙化成,20260410,4.8083004E7,1.49637359573E9,30.907987012987,3.3860508465713
002821.SZ,凯莱英,20260410,1.2658291E7,1.54116645608E9,120.22912452133,3.9925993456716
603259.SH,药明康德,20260410,3.2372285E7,3.449846649E9,104.32252717657,1.3088805869191
300347.SZ,泰格医药,20260409,1.0281375E7,5.768856446E8,55.646316272665,1.8158101458867
688293.SH,奥浦迈,20260409,2531658.0,1.23387934E8,48.017182448037,2.2242616189045
300759.SZ,康龙化成,20260409,4.5914036E7,1.41663722856E9,30.351623376623,3.2333100583172
002821.SZ,凯莱英,20260409,1.5146556E7,1.82763973152E9,120.20929618381,4.7774324017972
603259.SH,药明康德,20260409,4.7702937E7,5.070197962E9,104.1851703271,1.9287315732679
300347.SZ,泰格医药,20260408,1.3180003E7,7.3617663732E8,55.885655267386,2.3277414908237
688293.SH,奥浦迈,20260408,1418359.0,6.5364512E7,46.454434180139,1.2461404682338
300759.SZ,康龙化成,20260408,4.8795546E7,1.47983751285E9,30.202597402597,3.4362287315121
002821.SZ,凯莱英,20260408,1.4215677E7,1.69767921719E9,117.70101148818,4.4838203426101
603259.SH,药明康德,20260408,4.6251561E7,4.756645715E9,101.78142546128,1.8700493433691
300347.SZ,泰格医药,20260407,9842539.0,5.4393226679E8,55.27733532247,1.7383066153589
688293.SH,奥浦迈,20260407,1374227.0,6.1491028E7,44.105334872979,1.207367018674
300759.SZ,康龙化成,20260407,4.4495156E7,1.34825358204E9,29.904545454545,3.1333911800128
002821.SZ,凯莱英,20260407,1.5388333E7,1.85476293687E9,118.53380166381,4.853692198005
603259.SH,药明康德,20260407,3.3729558E7,3.412666243E9,99.387491798992,1.3637580316485
300347.SZ,泰格医药,20260406,,,55.147693366996,
688293.SH,奥浦迈,20260406,,,44.742378752887,
300759.SZ,康龙化成,20260406,,,29.87474025974,
002821.SZ,凯莱英,20260406,,,121.01234385316,
603259.SH,药明康德,20260406,,,98.102224136044,
300347.SZ,泰格医药,20260405,,,55.147693366996,
688293.SH,奥浦迈,20260405,,,44.742378752887,
300759.SZ,康龙化成,20260405,,,29.87474025974,
002821.SZ,凯莱英,20260405,,,121.01234385316,
603259.SH,药明康德,20260405,,,98.102224136044,
300347.SZ,泰格医药,20260404,,,55.147693366996,
688293.SH,奥浦迈,20260404,,,44.742378752887,
300759.SZ,康龙化成,20260404,,,29.87474025974,
002821.SZ,凯莱英,20260404,,,121.01234385316,
603259.SH,药明康德,20260404,,,98.102224136044,
300347.SZ,泰格医药,20260403,1.1408228E7,6.3147525711E8,55.147693366996,2.0148254634219
688293.SH,奥浦迈,20260403,1293623.0,5.8289076E7,44.742378752887,1.136550034891
300759.SZ,康龙化成,20260403,4.1097061E7,1.23980898063E9,29.87474025974,2.8940941000825
002821.SZ,凯莱英,20260403,2.1306284E7,2.62210064521E9,121.01234385316,6.7202954614563
603259.SH,药明康德,20260403,4.5763112E7,4.578626309E9,98.102224136044,1.8503003076183
300347.SZ,泰格医药,20260402,1.3300149E7,7.525218399E8,56.144939178334,2.3489606687827
688293.SH,奥浦迈,20260402,1559207.0,7.2373028E7,45.946789838337,1.3698865668377
300759.SZ,康龙化成,20260402,6.7687849E7,2.06624845914E9,30.421168831169,4.7666426666903
002821.SZ,凯莱英,20260402,3.0490061E7,3.84044878419E9,125.56294731282,9.6169852311096
603259.SH,药明康德,20260402,4.7333217E7,4.897475244E9,101.24180926691,1.9137830044352
300347.SZ,泰格医药,20260401,2.1254034E7,1.1900304882E9,56.892873536837,3.7537090688961
688293.SH,奥浦迈,20260401,2155447.0,9.7846399E7,46.23545034642,1.8937305250879
300759.SZ,康龙化成,20260401,7.972949E7,2.35510979738E9,30.182727272727,5.6146264719899
002821.SZ,凯莱英,20260401,1.9128056E7,2.23736941887E9,120.80414630926,6.0332523458001
603259.SH,药明康德,20260401,7.9027635E7,8.034480317E9,101.85010388602,3.1952559815173
300347.SZ,泰格医药,20260331,2.1528201E7,1.16743728199E9,53.681742024329,3.8021301429516
688293.SH,奥浦迈,20260331,1099754.0,4.8177499E7,42.801385681293,0.96622079776838
300759.SZ,康龙化成,20260331,5.5593551E7,1.57524502965E9,27.798311688312,3.914950705398
002821.SZ,凯莱英,20260331,1.7004989E7,1.87286522473E9,109.81924732603,5.3636077693705
603259.SH,药明康德,20260331,5.264395E7,5.215321937E9,96.247906668126,2.1285072763242
300347.SZ,泰格医药,20260330,1.2567417E7,6.6812867082E8,52.53490934129,2.2195516938337
688293.SH,奥浦迈,20260330,1948575.0,8.4509251E7,42.900923787529,1.7119771248948
300759.SZ,康龙化成,20260330,2.5998814E7,6.95339587E8,26.586233766234,1.830861194832
002821.SZ,凯莱英,20260330,4420263.0,4.4333433973E8,99.835679387297,1.3942118380354
603259.SH,药明康德,20260330,3.690726E7,3.544889366E9,94.786037341566,1.4922393068755
300347.SZ,泰格医药,20260329,,,53.30278861602,
688293.SH,奥浦迈,20260329,,,44.393995381062,
300759.SZ,康龙化成,20260329,,,26.258376623377,
002821.SZ,凯莱英,20260329,,,99.042545886703,
603259.SH,药明康德,20260329,,,95.168674279391,
300347.SZ,泰格医药,20260328,,,53.30278861602,
688293.SH,奥浦迈,20260328,,,44.393995381062,
300759.SZ,康龙化成,20260328,,,26.258376623377,
002821.SZ,凯莱英,20260328,,,99.042545886703,
603259.SH,药明康德,20260328,,,95.168674279391,
300347.SZ,泰格医药,20260327,1.5059949E7,7.896521861E8,53.30278861602,2.6597617722082
688293.SH,奥浦迈,20260327,810632.0,3.5764651E7,44.393995381062,0.71220427271606
300759.SZ,康龙化成,20260327,2.5450754E7,6.6405646633E8,26.258376623377,1.7922662886782
002821.SZ,凯莱英,20260327,4103716.0,4.0861223965E8,99.042545886703,1.2943685538926
603259.SH,药明康德,20260327,4.4890014E7,4.320570174E9,95.168674279391,1.8149990916961
300347.SZ,泰格医药,20260326,1.0309233E7,5.2841618415E8,50.640142299748,1.8207301919938
688293.SH,奥浦迈,20260326,795710.0,3.447141E7,42.771524249423,0.6990941164954
300759.SZ,康龙化成,20260326,1.6087091E7,4.1739272779E8,25.423831168831,1.1328682396678
002821.SZ,凯莱英,20260326,2977476.0,2.9188200176E8,95.9691535719,0.93913694426466
603259.SH,药明康德,20260326,3.7255907E7,3.553158062E9,92.941531077182,1.5063358493342
300347.SZ,泰格医药,20260325,1.0053695E7,5.0709840433E8,50.340968556346,1.7755992155379
688293.SH,奥浦迈,20260325,1144718.0,4.9593506E7,42.910877598152,1.0057252250774
300759.SZ,康龙化成,20260325,1.7298456E7,4.4973331982E8,25.95038961039,1.2181737144205
002821.SZ,凯莱英,20260325,2834169.0,2.7305548442E8,95.671728509177,0.89393594245248
603259.SH,药明康德,20260325,3.701411E7,3.469706302E9,92.244935626271,1.4965594804658
300347.SZ,泰格医药,20260324,1.0110205E7,4.8992481574E8,48.665595593298,1.7855795373668
688293.SH,奥浦迈,20260324,1786120.0,7.553456E7,42.572448036951,1.5692475692837
300759.SZ,康龙化成,20260324,1.9519486E7,5.0016945787E8,25.632467532468,1.3745807582017
002821.SZ,凯莱英,20260324,4031029.0,3.8383695525E8,94.769539152251,1.2714420728504
603259.SH,药明康德,20260324,7.5717953E7,6.993974839E9,91.911354706117,3.0614384731555
300347.SZ,泰格医药,20260323,1.3400139E7,6.4908260044E8,47.409065871012,2.3666200632204
688293.SH,奥浦迈,20260323,2233259.0,9.4252578E7,41.507390300231,1.9620945162313
300759.SZ,康龙化成,20260323,2.4118916E7,6.1455928585E8,24.937012987013,1.6984769907509
002821.SZ,凯莱英,20260323,3319892.0,3.0891028182E8,91.131039218275,1.0471396673453
603259.SH,药明康德,20260323,4.140377E7,3.675514397E9,86.132555824615,1.6740428047716
300347.SZ,泰格医药,20260322,,,50.071712187285,
688293.SH,奥浦迈,20260322,,,44.72247113164,
300759.SZ,康龙化成,20260322,,,26.089480519481,
002821.SZ,凯莱英,20260322,,,94.184603195563,
603259.SH,药明康德,20260322,,,89.183840123676,
300347.SZ,泰格医药,20260321,,,50.071712187285,
688293.SH,奥浦迈,20260321,,,44.72247113164,
300759.SZ,康龙化成,20260321,,,26.089480519481,
002821.SZ,凯莱英,20260321,,,94.184603195563,
603259.SH,药明康德,20260321,,,89.183840123676,
300347.SZ,泰格医药,20260320,1.1534311E7,5.864698123E8,50.071712187285,2.0370931844829
688293.SH,奥浦迈,20260320,544782.0,2.503401E7,44.72247113164,0.47863403874853
300759.SZ,康龙化成,20260320,1.6488327E7,4.4060788378E8,26.089480519481,1.1611236601793
002821.SZ,凯莱英,20260320,2443379.0,2.3519936996E8,94.184603195563,0.77067539343405
603259.SH,药明康德,20260320,2.5043721E7,2.305047379E9,89.183840123676,1.0125711002828
300347.SZ,泰格医药,20260319,8791100.0,4.526179873E8,51.029068166169,1.5526102854438
688293.SH,奥浦迈,20260319,647189.0,3.0313493E7,46.295173210162,0.56860668102769
300759.SZ,康龙化成,20260319,1.915769E7,5.1798732413E8,26.665714285714,1.3491027399796
002821.SZ,凯莱英,20260319,2776060.0,2.693879052E8,95.235505083851,0.87560756341793
603259.SH,药明康德,20260319,2.4071676E7,2.213257972E9,89.851001963985,0.97326924593081
300347.SZ,泰格医药,20260318,7698430.0,4.0594403281E8,52.844055542805,1.3596320824208
688293.SH,奥浦迈,20260318,643388.0,3.0169141E7,47.031755196305,0.56526720215121
300759.SZ,康龙化成,20260318,1.4602689E7,4.0201845878E8,27.50025974026,1.0283352398421
002821.SZ,凯莱英,20260318,2394710.0,2.369390012E8,98.606322461376,0.75532452043275
603259.SH,药明康德,20260318,2.3283042E7,2.163210695E9,91.724941838971,0.94138308983203
300347.SZ,泰格医药,20260317,1.0029743E7,5.3920705691E8,52.804165710351,1.771369014362
688293.SH,奥浦迈,20260317,1230919.0,5.9277251E7,47.171108545035,1.081459615667
300759.SZ,康龙化成,20260317,2.2108921E7,6.1780771034E8,27.470454545455,1.5569312322672
002821.SZ,凯莱英,20260317,3690555.0,3.6867338007E8,97.852845635811,1.1640518833202
603259.SH,药明康德,20260317,4.088407E7,3.80609396E9,90.714387874974,1.65303022438
300347.SZ,泰格医药,20260316,1.2968814E7,7.0388091608E8,54.190337388111,2.2904430624618
688293.SH,奥浦迈,20260316,820740.0,3.9934523E7,48.873210161663,0.72108494950727
300759.SZ,康龙化成,20260316,2.0410504E7,5.68882143E8,27.689025974026,1.4373270927113
002821.SZ,凯莱英,20260316,2693468.0,2.6631339974E8,98.229584048594,0.84955690893719
603259.SH,药明康德,20260316,2.7805027E7,2.515015543E9,89.380064194356,1.124216596359
300347.SZ,泰格医药,20260315,,,54.958216662841,
688293.SH,奥浦迈,20260315,,,47.5792147806,
300759.SZ,康龙化成,20260315,,,27.609545454545,
002821.SZ,凯莱英,20260315,,,98.457609930015,
603259.SH,药明康德,20260315,,,89.154406513074,
300347.SZ,泰格医药,20260314,,,54.958216662841,
688293.SH,奥浦迈,20260314,,,47.5792147806,
300759.SZ,康龙化成,20260314,,,27.609545454545,
002821.SZ,凯莱英,20260314,,,98.457609930015,
603259.SH,药明康德,20260314,,,89.154406513074,
300347.SZ,泰格医药,20260313,1.0840803E7,5.9942516879E8,54.958216662841,1.9146116231496
688293.SH,奥浦迈,20260313,641611.0,3.0746245E7,47.5792147806,0.56370596722264
300759.SZ,康龙化成,20260313,2.8792913E7,8.0636530426E8,27.609545454545,2.027624302319
002821.SZ,凯莱英,20260313,3294790.0,3.2371229393E8,98.457609930015,1.0392221507726
603259.SH,药明康德,20260313,2.2711092E7,2.073395291E9,89.154406513074,0.91825793040357
300347.SZ,泰格医药,20260312,6528406.0,3.6747746811E8,55.656288730778,1.1529922652629
688293.SH,奥浦迈,20260312,699962.0,3.4112329E7,48.315796766744,0.61497193194801
300759.SZ,康龙化成,20260312,5.8048626E7,1.68484955779E9,28.185779220779,4.0878394205487
002821.SZ,凯莱英,20260312,2713302.0,2.6995475494E8,97.902416479599,0.85593141119055
603259.SH,药明康德,20260312,2.7497403E7,2.535653354E9,90.174771680606,1.1117787013611
300347.SZ,泰格医药,20260311,8126735.0,4.61673198E8,56.394250631168,1.4352757161307
688293.SH,奥浦迈,20260311,701988.0,3.4633012E7,48.694041570439,0.61675193305397
300759.SZ,康龙化成,20260311,1.5590574E7,4.2417983076E8,26.993571428571,1.0979030405678
002821.SZ,凯莱英,20260311,2608071.0,2.6173785872E8,99.072288392975,0.82273550512075
603259.SH,药明康德,20260311,2.5034089E7,2.336521029E9,91.136269626934,1.0121816579616
300347.SZ,泰格医药,20260310,6706580.0,3.8835757783E8,57.640807895341,1.184459861468
688293.SH,奥浦迈,20260310,1007037.0,5.0473141E7,49.808868360277,0.88476158624772
300759.SZ,康龙化成,20260310,1.6698836E7,4.5914063034E8,27.331363636364,1.1759479040568
002821.SZ,凯莱英,20260310,3404077.0,3.4353443435E8,100.43052951274,1.0738415518845
603259.SH,药明康德,20260310,2.8913653E7,2.717830128E9,92.372481272213,1.1690407120973
300347.SZ,泰格医药,20260309,8665255.0,4.8296405396E8,56.374305714941,1.5303845979449
688293.SH,奥浦迈,20260309,1639516.0,8.031778E7,48.415334872979,1.4404443698082
300759.SZ,康龙化成,20260309,1.6780052E7,4.4967294358E8,26.933961038961,1.181667211976
002821.SZ,凯莱英,20260309,3028998.0,2.9637816462E8,97.158853822791,0.95552007577238
603259.SH,药明康德,20260309,3.4843968E7,3.151014268E9,89.380064194356,1.4088160068538
300347.SZ,泰格医药,20260308,,,57.211992196465,
688293.SH,奥浦迈,20260308,,,48.743810623557,
300759.SZ,康龙化成,20260308,,,27.172402597403,
002821.SZ,凯莱英,20260308,,,98.457609930015,
603259.SH,药明康德,20260308,,,91.538528971826,
300347.SZ,泰格医药,20260307,,,57.211992196465,
688293.SH,奥浦迈,20260307,,,48.743810623557,
300759.SZ,康龙化成,20260307,,,27.172402597403,
002821.SZ,凯莱英,20260307,,,98.457609930015,
603259.SH,药明康德,20260307,,,91.538528971826,
300347.SZ,泰格医药,20260306,6858261.0,3.9515054702E8,57.211992196465,1.2112484864076
688293.SH,奥浦迈,20260306,2270399.0,1.0976653E8,48.743810623557,1.9947249412437
300759.SZ,康龙化成,20260306,1.606485E7,4.379762563E8,27.172402597403,1.1313020073068
002821.SZ,凯莱英,20260306,4014036.0,4.0165698224E8,98.457609930015,1.266257680881
603259.SH,药明康德,20260306,2.6855673E7,2.509616036E9,91.538528971826,1.0858321875749
300347.SZ,泰格医药,20260305,6787222.0,3.8419624714E8,56.613644709663,1.1987021745618
688293.SH,奥浦迈,20260305,918378.0,4.2065221E7,45.299792147806,0.80686764841313
300759.SZ,康龙化成,20260305,1.629184E7,4.3990615178E8,26.725324675325,1.1472868588702
002821.SZ,凯莱英,20260305,3318716.0,3.2393698171E8,96.554089528588,1.0469137859408
603259.SH,药明康德,20260305,2.6160347E7,2.432056958E9,90.70457667144,1.0577186730986
300347.SZ,泰格医药,20260304,6694681.0,3.7759368125E8,55.905600183613,1.1823583599738
688293.SH,奥浦迈,20260304,990736.0,4.5077031E7,44.971316397229,0.87043986955069
300759.SZ,康龙化成,20260304,2.2076967E7,5.927420111E8,26.824675324675,1.5546810012136
002821.SZ,凯莱英,20260304,7851382.0,7.6215430883E8,96.365720322197,2.4767771796343
603259.SH,药明康德,20260304,2.9643432E7,2.748431668E9,90.28269491948,1.1985472349097
300347.SZ,泰格医药,20260303,9601432.0,5.5222086673E8,56.72334174891,1.6957243209825
688293.SH,奥浦迈,20260303,2849977.0,1.33128014E8,45.389376443418,2.5039300157686
300759.SZ,康龙化成,20260303,2.511393E7,6.9164835679E8,26.804805194805,1.768546822433
002821.SZ,凯莱英,20260303,5025532.0,4.6529550017E8,91.706061006206,1.5853416599933
603259.SH,药明康德,20260303,3.6272286E7,3.457126243E9,91.980033130854,1.4665659525912
300347.SZ,泰格医药,20260302,8263968.0,4.8500032168E8,58.677943539132,1.4595126565934
688293.SH,奥浦迈,20260302,2206088.0,1.08848158E8,48.375519630485,1.9382226455255
300759.SZ,康龙化成,20260302,2.7658783E7,7.905058156E8,28.116233766234,1.9477577896814
002821.SZ,凯莱英,20260302,3938680.0,3.740940765E8,93.629409745147,1.2424860670239
603259.SH,药明康德,20260302,3.3503333E7,3.230627896E9,94.226798740131,1.3546112719812
300347.SZ,泰格医药,20260301,,,59.475740188203,
688293.SH,奥浦迈,20260301,,,50.68480369515,
300759.SZ,康龙化成,20260301,,,29.407792207792,
002821.SZ,凯莱英,20260301,,,96.66314538492,
603259.SH,药明康德,20260301,,,96.15960583632,
300347.SZ,泰格医药,20260228,,,59.475740188203,
688293.SH,奥浦迈,20260228,,,50.68480369515,
300759.SZ,康龙化成,20260228,,,29.407792207792,
002821.SZ,凯莱英,20260228,,,96.66314538492,
603259.SH,药明康德,20260228,,,96.15960583632,
300347.SZ,泰格医药,20260227,6184204.0,3.7103404244E8,59.475740188203,1.0922021974136
688293.SH,奥浦迈,20260227,831035.0,4.2090185E7,50.68480369515,0.73012992057628
300759.SZ,康龙化成,20260227,1.4566719E7,4.3404636857E8,29.407792207792,1.0258021982511
002821.SZ,凯莱英,20260227,2957305.0,2.9002425746E8,96.66314538492,0.93290398266425
603259.SH,药明康德,20260227,2.3505883E7,2.312395367E9,96.15960583632,0.95039302715556
300347.SZ,泰格医药,20260226,6654141.0,4.0286824903E8,60.333371585954,1.1751985254852
688293.SH,奥浦迈,20260226,1524967.0,7.7448601E7,50.286651270208,1.3398040209997
300759.SZ,康龙化成,20260226,1.50185E7,4.45080106E8,29.348181818182,1.0576170457077
002821.SZ,凯莱英,20260226,2964204.0,2.9195298836E8,98.199841542321,0.93508032381824
603259.SH,药明康德,20260226,2.443088E7,2.406339129E9,96.15960583632,0.9877926304353
300347.SZ,泰格医药,20260225,9563053.0,5.7739165339E8,61.101250860684,1.6889461441736
688293.SH,奥浦迈,20260225,574866.0,2.9890498E7,51.99870669746,0.50506521015602
300759.SZ,康龙化成,20260225,2.0108685E7,5.9591966986E8,29.626363636364,1.4160727118398
002821.SZ,凯莱英,20260225,2929473.0,2.902453003E8,98.685635811435,0.92412417008303
603259.SH,药明康德,20260225,2.772298E7,2.755559222E9,97.964867286569,1.1208992610051
300347.SZ,泰格医药,20260224,9086530.0,5.4919864396E8,60.133922423686,1.6047866520679
688293.SH,奥浦迈,20260224,639628.0,3.3317363E7,51.85935334873,0.56196374501479
300759.SZ,康龙化成,20260224,2.3898471E7,7.0536690871E8,29.040194805195,1.6829530443087
002821.SZ,凯莱英,20260224,2295580.0,2.297575982E8,98.507180773802,0.72415788176208
603259.SH,药明康德,20260224,3.2775075E7,3.322851966E9,98.278825799655,1.3251662464457
300347.SZ,泰格医药,20260223,,,60.712324994262,
688293.SH,奥浦迈,20260223,,,52.396859122402,
300759.SZ,康龙化成,20260223,,,29.705844155844,
002821.SZ,凯莱英,20260223,,,99.716709362208,
603259.SH,药明康德,20260223,,,99.985975214564,
300347.SZ,泰格医药,20260222,,,60.712324994262,
688293.SH,奥浦迈,20260222,,,52.396859122402,
300759.SZ,康龙化成,20260222,,,29.705844155844,
002821.SZ,凯莱英,20260222,,,99.716709362208,
603259.SH,药明康德,20260222,,,99.985975214564,
300347.SZ,泰格医药,20260221,,,60.712324994262,
688293.SH,奥浦迈,20260221,,,52.396859122402,
300759.SZ,康龙化成,20260221,,,29.705844155844,
002821.SZ,凯莱英,20260221,,,99.716709362208,
603259.SH,药明康德,20260221,,,99.985975214564,
300347.SZ,泰格医药,20260220,,,60.712324994262,
688293.SH,奥浦迈,20260220,,,52.396859122402,
300759.SZ,康龙化成,20260220,,,29.705844155844,
002821.SZ,凯莱英,20260220,,,99.716709362208,
603259.SH,药明康德,20260220,,,99.985975214564,
300347.SZ,泰格医药,20260219,,,60.712324994262,
688293.SH,奥浦迈,20260219,,,52.396859122402,
300759.SZ,康龙化成,20260219,,,29.705844155844,
002821.SZ,凯莱英,20260219,,,99.716709362208,
603259.SH,药明康德,20260219,,,99.985975214564,
300347.SZ,泰格医药,20260218,,,60.712324994262,
688293.SH,奥浦迈,20260218,,,52.396859122402,
300759.SZ,康龙化成,20260218,,,29.705844155844,
002821.SZ,凯莱英,20260218,,,99.716709362208,
603259.SH,药明康德,20260218,,,99.985975214564,
300347.SZ,泰格医药,20260217,,,60.712324994262,
688293.SH,奥浦迈,20260217,,,52.396859122402,
300759.SZ,康龙化成,20260217,,,29.705844155844,
002821.SZ,凯莱英,20260217,,,99.716709362208,
603259.SH,药明康德,20260217,,,99.985975214564,
300347.SZ,泰格医药,20260216,,,60.712324994262,
688293.SH,奥浦迈,20260216,,,52.396859122402,
300759.SZ,康龙化成,20260216,,,29.705844155844,
002821.SZ,凯莱英,20260216,,,99.716709362208,
603259.SH,药明康德,20260216,,,99.985975214564,
300347.SZ,泰格医药,20260215,,,60.712324994262,
688293.SH,奥浦迈,20260215,,,52.396859122402,
300759.SZ,康龙化成,20260215,,,29.705844155844,
002821.SZ,凯莱英,20260215,,,99.716709362208,
603259.SH,药明康德,20260215,,,99.985975214564,
300347.SZ,泰格医药,20260214,,,60.712324994262,
688293.SH,奥浦迈,20260214,,,52.396859122402,
300759.SZ,康龙化成,20260214,,,29.705844155844,
002821.SZ,凯莱英,20260214,,,99.716709362208,
603259.SH,药明康德,20260214,,,99.985975214564,
300347.SZ,泰格医药,20260213,1.2331293E7,7.6345636448E8,60.712324994262,2.1778494550877
688293.SH,奥浦迈,20260213,730052.0,3.8861953E7,52.396859122402,0.64140837482965
300759.SZ,康龙化成,20260213,1.517832E7,4.5892218988E8,29.705844155844,1.0688717220232
002821.SZ,凯莱英,20260213,2736903.0,2.7881040346E8,99.716709362208,0.86337652317422
603259.SH,药明康德,20260213,3.2987519E7,3.387576146E9,99.985975214564,1.333755810865
300347.SZ,泰格医药,20260212,1.0265782E7,6.6520404041E8,63.843676841864,1.8130562411216
688293.SH,奥浦迈,20260212,945022.0,5.0803502E7,52.934364896074,0.83027650797239
300759.SZ,康龙化成,20260212,2.0155708E7,6.2462340997E8,30.530454545455,1.4193841161971
002821.SZ,凯莱英,20260212,3304453.0,3.4488040683E8,102.56207579559,1.0424144159046
603259.SH,药明康德,20260212,5.2640388E7,5.552394242E9,102.91952507122,2.1283632570605
300347.SZ,泰格医药,20260211,7376558.0,4.8543838256E8,65.239820977737,1.3027857517231
688293.SH,奥浦迈,20260211,1786230.0,9.554724E7,53.242933025404,1.5693442129766
300759.SZ,康龙化成,20260211,1.3821483E7,4.2435691871E8,30.401298701299,0.97332197075334
002821.SZ,凯莱英,20260211,1974449.0,2.0565036261E8,102.92890003961,0.62285470577686
603259.SH,药明康德,20260211,2.9192048E7,2.971878545E9,100.21163289584,1.1802968162307
300347.SZ,泰格医药,20260210,1.1147483E7,7.4408872749E8,66.416571035116,1.9687748703359
688293.SH,奥浦迈,20260210,2448854.0,1.3463613E8,53.7903926097,2.1515117612651
300759.SZ,康龙化成,20260210,2.4935697E7,7.6649101962E8,30.788766233766,1.7559954851551
002821.SZ,凯莱英,20260210,4103953.0,4.306602847E8,103.90048857784,1.2946226711032
603259.SH,药明康德,20260210,4.2158894E7,4.247758758E9,99.436547816662,1.7045740800373
300347.SZ,泰格医药,20260209,9848723.0,6.4398166335E8,65.399380307551,1.7393987815276
688293.SH,奥浦迈,20260209,2407923.0,1.36807611E8,56.010092378753,2.1155506431664
300759.SZ,康龙化成,20260209,1.8270291E7,5.4980574758E8,29.974090909091,1.28661125889
002821.SZ,凯莱英,20260209,2900323.0,2.9802837304E8,102.19525155156,0.91492858454327
603259.SH,药明康德,20260209,2.5707333E7,2.520440887E9,96.836578880163,1.03940235004
300347.SZ,泰格医药,20260208,,,65.469187514345,
688293.SH,奥浦迈,20260208,,,55.641801385681,
300759.SZ,康龙化成,20260208,,,30.003896103896,
002821.SZ,凯莱英,20260208,,,101.18400633831,
603259.SH,药明康德,20260208,,,95.983004172709,
300347.SZ,泰格医药,20260207,,,65.469187514345,
688293.SH,奥浦迈,20260207,,,55.641801385681,
300759.SZ,康龙化成,20260207,,,30.003896103896,
002821.SZ,凯莱英,20260207,,,101.18400633831,
603259.SH,药明康德,20260207,,,95.983004172709,
300347.SZ,泰格医药,20260206,1.7501224E7,1.14214305194E9,65.469187514345,3.0909192695176
688293.SH,奥浦迈,20260206,2825648.0,1.57975228E8,55.641801385681,2.4825550666537
300759.SZ,康龙化成,20260206,1.6462566E7,4.9798299103E8,30.003896103896,1.1593095460724
002821.SZ,凯莱英,20260206,3741382.0,3.8227976682E8,101.18400633831,1.18024693715
603259.SH,药明康德,20260206,3.5194208E7,3.438191095E9,95.983004172709,1.422976957703
300347.SZ,泰格医药,20260205,1.1830299E7,7.5619314072E8,63.524558182235,2.0893681003828
688293.SH,奥浦迈,20260205,1567789.0,8.1345908E7,52.177875288684,1.3774265320358
300759.SZ,康龙化成,20260205,1.9751523E7,5.998345339E8,30.093311688312,1.3909210243025
002821.SZ,凯莱英,20260205,5323717.0,5.4280714835E8,101.62022976363,1.6794063486442
603259.SH,药明康德,20260205,3.939982E7,3.831110679E9,95.276597518264,1.5930188284858
300347.SZ,泰格医药,20260204,1.6977256E7,1.08508304813E9,64.761142988295,2.9983804397871
688293.SH,奥浦迈,20260204,1341814.0,6.6362678E7,50.107482678984,1.1788896367158
300759.SZ,康龙化成,20260204,2.1444951E7,6.4117773582E8,30.172792207792,1.5101738337361
002821.SZ,凯莱英,20260204,4428763.0,4.3565237932E8,99.161515911792,1.3970864151571
603259.SH,药明康德,20260204,3.3263198E7,3.139502353E9,93.80491698817,1.3449021013205
300347.SZ,泰格医药,20260203,1.6469978E7,1.0319078823E9,63.025935276566,2.9087892577531
688293.SH,奥浦迈,20260203,1016739.0,4.9810904E7,49.281316397229,0.89328555995452
300759.SZ,康龙化成,20260203,1.3347679E7,3.9232531414E8,29.417727272727,0.93995624270297
002821.SZ,凯莱英,20260203,3915141.0,3.8184315809E8,98.150270698534,1.235060513404
603259.SH,药明康德,20260203,2.9167558E7,2.737181513E9,92.813985431241,1.1793066332524
300347.SZ,泰格医药,20260202,1.7696502E7,1.08719475288E9,60.044170300666,3.1254076306238
688293.SH,奥浦迈,20260202,1355846.0,6.794871E7,48.883163972286,1.1912178576037
300759.SZ,康龙化成,20260202,1.7891526E7,5.2797070167E8,28.811688311688,1.2599382675582
002821.SZ,凯莱英,20260202,3606916.0,3.5013873698E8,94.491942427043,1.1378286316546
603259.SH,药明康德,20260202,3.6299293E7,3.424640282E9,91.440416936487,1.4676579032524
300347.SZ,泰格医药,20260201,,,62.836458572412,
688293.SH,奥浦迈,20260201,,,50.147297921478,
300759.SZ,康龙化成,20260201,,,29.487272727273,
002821.SZ,凯莱英,20260201,,,98.279154892381,
603259.SH,药明康德,20260201,,,93.402657643278,
300347.SZ,泰格医药,20260131,,,62.836458572412,
688293.SH,奥浦迈,20260131,,,50.147297921478,
300759.SZ,康龙化成,20260131,,,29.487272727273,
002821.SZ,凯莱英,20260131,,,98.279154892381,
603259.SH,药明康德,20260131,,,93.402657643278,
300347.SZ,泰格医药,20260130,2.3051487E7,1.47523953949E9,62.836458572412,4.0711601291049
688293.SH,奥浦迈,20260130,1416960.0,7.1479396E7,50.147297921478,1.2449113361769
300759.SZ,康龙化成,20260130,2.2772808E7,6.8394949673E8,29.487272727273,1.6036827858593
002821.SZ,凯莱英,20260130,3587726.0,3.5831039122E8,98.279154892381,1.1317750026149
603259.SH,药明康德,20260130,4.0250593E7,3.880794474E9,93.402657643278,1.6274173970013
300347.SZ,泰格医药,20260129,1.3376646E7,7.817095803E8,58.747750745926,2.3624709267715
688293.SH,奥浦迈,20260129,1373032.0,7.1725454E7,51.13272517321,1.2063171167384
300759.SZ,康龙化成,20260129,2.0832641E7,6.2453887323E8,30.023766233766,1.4670543815101
002821.SZ,凯莱英,20260129,3852505.0,3.8474765398E8,99.240829261851,1.2153015186915
603259.SH,药明康德,20260129,5.355905E7,5.206929976E9,96.169417039854,2.1655067227671
300347.SZ,泰格医药,20260128,1.020757E7,5.8565009803E8,56.75325912325,1.80277532634
688293.SH,奥浦迈,20260128,792271.0,4.2703936E7,53.34247113164,0.69607268322621
300759.SZ,康龙化成,20260128,2.1649649E7,6.508098637E8,29.656168831169,1.5252841831392
002821.SZ,凯莱英,20260128,3316803.0,3.2730773745E8,97.882588142084,1.0463103157817
603259.SH,药明康德,20260128,4.5746814E7,4.361090365E9,93.893217819976,1.8496413446873
300347.SZ,泰格医药,20260127,8920832.0,5.2611910666E8,58.338879963277,1.5755224622534
688293.SH,奥浦迈,20260127,814477.0,4.455059E7,54.646420323326,0.71558240906966
300759.SZ,康龙化成,20260127,2.2604719E7,6.866996416E8,30.172792207792,1.5925717943513
002821.SZ,凯莱英,20260127,3852204.0,3.8442050775E8,99.121859236762,1.21520656599
603259.SH,药明康德,20260127,3.8180938E7,3.682066803E9,93.981518651782,1.5437368273065
300347.SZ,泰格医药,20260126,1.1691692E7,6.9314505361E8,58.747750745926,2.0648884955741
688293.SH,奥浦迈,20260126,1113916.0,6.2335976E7,55.830923787529,0.97866323392956
300759.SZ,康龙化成,20260126,2.3945444E7,7.3959924025E8,30.510584415584,1.6870299833242
002821.SZ,凯莱英,20260126,4604647.0,4.6872558408E8,100.46027201901,1.4525703385559
603259.SH,药明康德,20260126,4.0233886E7,3.892617049E9,94.89396058044,1.6267418973272
300347.SZ,泰格医药,20260125,,,60.253591921047,
688293.SH,奥浦迈,20260125,,,56.736720554273,
300759.SZ,康龙化成,20260125,,,30.907987012987,
002821.SZ,凯莱英,20260125,,,103.40478013997,
603259.SH,药明康德,20260125,,,95.757346491428,
300347.SZ,泰格医药,20260124,,,60.253591921047,
688293.SH,奥浦迈,20260124,,,56.736720554273,
300759.SZ,康龙化成,20260124,,,30.907987012987,
002821.SZ,凯莱英,20260124,,,103.40478013997,
603259.SH,药明康德,20260124,,,95.757346491428,
300347.SZ,泰格医药,20260123,8906669.0,5.4295391096E8,60.253591921047,1.5730211120842
688293.SH,奥浦迈,20260123,1187360.0,6.7164229E7,56.736720554273,1.043189591889
300759.SZ,康龙化成,20260123,2.561246E7,8.0350899065E8,30.907987012987,1.8044763741567
002821.SZ,凯莱英,20260123,3549318.0,3.6927552318E8,103.40478013997,1.119658911726
603259.SH,药明康德,20260123,3.8684113E7,3.787596852E9,95.757346491428,1.5640812666726
300347.SZ,泰格医药,20260122,6896602.0,4.1405656851E8,60.113977507459,1.2180199519756
688293.SH,奥浦迈,20260122,707434.0,4.0227357E7,56.686951501155,0.62153667442762
300759.SZ,康龙化成,20260122,2.4566066E7,7.6641159231E8,31.096753246753,1.7307547070048
002821.SZ,凯莱英,20260122,2649300.0,2.728424912E8,101.9771398389,0.83574150156051
603259.SH,药明康德,20260122,4.1518786E7,4.051345621E9,95.757346491428,1.6786931471736
300347.SZ,泰格医药,20260121,7320541.0,4.4134256797E8,59.804831305944,1.2928924994157
688293.SH,奥浦迈,20260121,1310356.0,7.4043923E7,56.219122401848,1.1512512977271
300759.SZ,康龙化成,20260121,2.2506794E7,7.0013319594E8,30.669545454545,1.5856726777128
002821.SZ,凯莱英,20260121,3913924.0,4.087131474E8,102.9090717021,1.2346766016509
603259.SH,药明康德,20260121,3.8689831E7,3.845257915E9,96.689410827154,1.5643124576187
300347.SZ,泰格医药,20260120,7678250.0,4.6032393239E8,59.864666054625,1.356068060221
688293.SH,奥浦迈,20260120,991499.0,5.5242374E7,55.452678983834,0.87111022534726
300759.SZ,康龙化成,20260120,2.4581015E7,7.5688342427E8,30.719220779221,1.7318079099114
002821.SZ,凯莱英,20260120,4598497.0,4.713039487E8,102.31422157665,1.4506302750543
603259.SH,药明康德,20260120,4.8113085E7,4.787947715E9,97.582230348744,1.9453147324414
300347.SZ,泰格医药,20260119,1.0615778E7,6.3803011523E8,60.223674546706,1.8748695966134
688293.SH,奥浦迈,20260119,885021.0,5.0386221E7,56.239030023095,0.77756088785471
300759.SZ,康龙化成,20260119,2.4725328E7,7.7413244159E8,30.997402597403,1.7419752034468
002821.SZ,凯莱英,20260119,5604525.0,5.8713662625E8,103.05778423346,1.7679893326665
603259.SH,药明康德,20260119,4.7908291E7,4.8984693E9,100.45691298419,1.9370344738523
300347.SZ,泰格医药,20260118,,,60.552765664448,
688293.SH,奥浦迈,20260118,,,57.732101616628,
300759.SZ,康龙化成,20260118,,,31.732597402597,
002821.SZ,凯莱英,20260118,,,106.40877327347,
603259.SH,药明康德,20260118,,,102.33085285918,
300347.SZ,泰格医药,20260117,,,60.552765664448,
688293.SH,奥浦迈,20260117,,,57.732101616628,
300759.SZ,康龙化成,20260117,,,31.732597402597,
002821.SZ,凯莱英,20260117,,,106.40877327347,
603259.SH,药明康德,20260117,,,102.33085285918,
300347.SZ,泰格医药,20260116,1.3047656E7,7.9952722092E8,60.552765664448,2.3043674746656
688293.SH,奥浦迈,20260116,1402115.0,8.1650153E7,57.732101616628,1.2318688305412
300759.SZ,康龙化成,20260116,2.9201025E7,9.3924161668E8,31.732597402597,2.0573017864609
002821.SZ,凯莱英,20260116,5974805.0,6.3870686512E8,106.40877327347,1.8847969283325
603259.SH,药明康德,20260116,4.4775203E7,4.680154299E9,102.33085285918,1.8103570378817
300347.SZ,泰格医药,20260115,1.1087801E7,6.9963540429E8,62.587147119578,1.9582343364942
688293.SH,奥浦迈,20260115,2060178.0,1.20395843E8,58.458729792148,1.8100291798937
300759.SZ,康龙化成,20260115,3.1583518E7,1.03624026589E9,32.567142857143,2.2251557266952
002821.SZ,凯莱英,20260115,6638838.0,7.0443609222E8,105.58589726661,2.0942711050983
603259.SH,药明康德,20260115,3.672291E7,3.824134613E9,101.60482379767,1.4847856428479
300347.SZ,泰格医药,20260114,1.768435E7,1.12168987917E9,62.826486114299,3.1232614463933
688293.SH,奥浦迈,20260114,2172924.0,1.23844159E8,56.328614318707,1.909085450719
300759.SZ,康龙化成,20260114,5.2101408E7,1.74244745948E9,32.696298701299,3.6707040165723
002821.SZ,凯莱英,20260114,1.002816E7,1.06077249612E9,103.14701175228,3.1634580818665
603259.SH,药明康德,20260114,6.3223922E7,6.593727956E9,101.44784454112,2.5562781291061
300347.SZ,泰格医药,20260113,2.2635058E7,1.4307450245E9,62.726761533165,3.9976139348224
688293.SH,奥浦迈,20260113,2664731.0,1.48470696E8,55.502448036951,2.3411767655841
300759.SZ,康龙化成,20260113,5.5076425E7,1.82951116121E9,32.616818181818,3.8803030901956
002821.SZ,凯莱英,20260113,9138326.0,9.771191816E8,104.96130463489,2.8827532906766
603259.SH,药明康德,20260113,9.2454763E7,9.65387504E9,102.6251889652,3.7381434291373
300347.SZ,泰格医药,20260112,1.1558178E7,6.9349492521E8,59.61535460179,2.0413083736723
688293.SH,奥浦迈,20260112,1564788.0,8.2094422E7,52.834826789838,1.3747899163798
300759.SZ,康龙化成,20260112,2.3001321E7,7.2531289888E8,31.34512987013,1.6205136218424
002821.SZ,凯莱英,20260112,6011797.0,6.2332483181E8,103.59314934636,1.8964663314298
603259.SH,药明康德,20260112,4.4395155E7,4.385655732E9,96.816956473096,1.7949908859621
300347.SZ,泰格医药,20260111,,,60.024225384439,
688293.SH,奥浦迈,20260111,,,52.207736720554,
300759.SZ,康龙化成,20260111,,,31.38487012987,
002821.SZ,凯莱英,20260111,,,103.07761257098,
603259.SH,药明康德,20260111,,,97.209404614454,
300347.SZ,泰格医药,20260110,,,60.024225384439,
688293.SH,奥浦迈,20260110,,,52.207736720554,
300759.SZ,康龙化成,20260110,,,31.38487012987,
002821.SZ,凯莱英,20260110,,,103.07761257098,
603259.SH,药明康德,20260110,,,97.209404614454,
300347.SZ,泰格医药,20260109,1.3484133E7,8.0886486362E8,60.024225384439,2.3814543784159
688293.SH,奥浦迈,20260109,1601291.0,8.3609187E7,52.207736720554,1.4068606865529
300759.SZ,康龙化成,20260109,2.4736377E7,7.758115107E8,31.38487012987,1.7427536393901
002821.SZ,凯莱英,20260109,8124174.0,8.3012759781E8,103.07761257098,2.5628314564975
603259.SH,药明康德,20260109,5.0761404E7,5.038668555E9,97.209404614454,2.0523919229168
300347.SZ,泰格医药,20260108,1.0600743E7,6.447862671E8,60.443068625201,1.8722142411241
688293.SH,奥浦迈,20260108,1535344.0,8.0066787E7,52.207736720554,1.3489210355488
300759.SZ,康龙化成,20260108,2.1185494E7,6.5969089284E8,30.977532467532,1.4925830395767
002821.SZ,凯莱英,20260108,4570698.0,4.607626957E8,99.498597649544,1.44186087257
603259.SH,药明康德,20260108,4.2066945E7,4.138387944E9,96.316585092864,1.7008563856859
300347.SZ,泰格医药,20260107,1.1977862E7,7.1919710505E8,60.133922423686,2.1154294387308
688293.SH,奥浦迈,20260107,1805800.0,9.3419965E7,51.27207852194,1.5865380045084
300759.SZ,康龙化成,20260107,2.7890301E7,8.6591604514E8,30.778831168831,1.9649572599671
002821.SZ,凯莱英,20260107,1.030678E7,1.03250862219E9,100.19258946256,3.2513508449227
603259.SH,药明康德,20260107,5.3085442E7,5.19797735E9,96.189039446922,2.146357740327
300347.SZ,泰格医药,20260106,8822488.0,5.1752285269E8,58.81755795272,1.5581537705184
688293.SH,奥浦迈,20260106,781351.0,4.042897E7,51.44129330254,0.68647860026617
300759.SZ,康龙化成,20260106,2.6211172E7,7.9282953886E8,30.311883116883,1.8466574711276
002821.SZ,凯莱英,20260106,4004226.0,3.8441051131E8,95.780784365509,1.2631630430029
603259.SH,药明康德,20260106,4.6375706E7,4.429732126E9,94.432834014344,1.8750687907285
300347.SZ,泰格医药,20260105,1.4236591E7,8.3382138507E8,59.007034656874,2.5143471938957
688293.SH,奥浦迈,20260105,1550306.0,7.9552561E7,51.321847575058,1.3620663349305
300759.SZ,康龙化成,20260105,3.8390982E7,1.13693750271E9,29.904545454545,2.7047624476397
002821.SZ,凯莱英,20260105,5838654.0,5.5829982185E8,95.057050046217,1.8418470769835
603259.SH,药明康德,20260105,7.2861983E7,6.879798759E9,92.784551820639,2.9459655094823
300347.SZ,泰格医药,20260104,,,56.543837502869,
688293.SH,奥浦迈,20260104,,,48.773672055427,
300759.SZ,康龙化成,20260104,,,28.24538961039,
002821.SZ,凯莱英,20260104,,,92.132370262776,
603259.SH,药明康德,20260104,,,88.928748831793,
300347.SZ,泰格医药,20260103,,,56.543837502869,
688293.SH,奥浦迈,20260103,,,48.773672055427,
300759.SZ,康龙化成,20260103,,,28.24538961039,
002821.SZ,凯莱英,20260103,,,92.132370262776,
603259.SH,药明康德,20260103,,,88.928748831793,
300347.SZ,泰格医药,20260102,,,56.543837502869,
688293.SH,奥浦迈,20260102,,,48.773672055427,
300759.SZ,康龙化成,20260102,,,28.24538961039,
002821.SZ,凯莱英,20260102,,,92.132370262776,
603259.SH,药明康德,20260102,,,88.928748831793,
300347.SZ,泰格医药,20260101,,,56.543837502869,
688293.SH,奥浦迈,20260101,,,48.773672055427,
300759.SZ,康龙化成,20260101,,,28.24538961039,
002821.SZ,凯莱英,20260101,,,92.132370262776,
603259.SH,药明康德,20260101,,,88.928748831793,
300347.SZ,泰格医药,20251231,8355899.0,4.7534958861E8,56.543837502869,1.4757487381021
688293.SH,奥浦迈,20251231,688085.0,3.3336925E7,48.773672055427,0.60453704886043
300759.SZ,康龙化成,20251231,1.6969318E7,4.8514156764E8,28.24538961039,1.1955405071028
002821.SZ,凯莱英,20251231,2609962.0,2.4383012809E8,92.132370262776,0.82333203521529
603259.SH,药明康德,20251231,4.1916589E7,3.863086989E9,88.928748831793,1.6947771716445
300347.SZ,泰格医药,20251230,9138112.0,5.1558471874E8,56.474030296075,1.6138966319047
688293.SH,奥浦迈,20251230,1956466.0,9.6285309E7,48.027136258661,1.7189099919861
300759.SZ,康龙化成,20251230,2.2666501E7,6.5050202242E8,28.603051948052,1.5969245257698
002821.SZ,凯莱英,20251230,4261330.0,3.981620209E8,92.201769444078,1.3442684229211
603259.SH,药明康德,20251230,3.0734786E7,2.814902558E9,90.164960477072,1.2426730068178
300347.SZ,泰格医药,20251229,1.0555937E7,5.8917507721E8,55.765985770025,1.8643009815264
688293.SH,奥浦迈,20251229,1457418.0,7.313402E7,49.002609699769,1.2804568863964
300759.SZ,康龙化成,20251229,1.8229946E7,5.3284854527E8,28.980584415584,1.2843556167253
002821.SZ,凯莱英,20251229,3825724.0,3.6362163638E8,94.382886570712,1.2068532519217
603259.SH,药明康德,20251229,2.8416907E7,2.62743848E9,90.75363268911,1.1489562109251
300347.SZ,泰格医药,20251228,,,54.958216662841,
688293.SH,奥浦迈,20251228,,,52.078337182448,
300759.SZ,康龙化成,20251228,,,29.268701298701,
002821.SZ,凯莱英,20251228,,,94.382886570712,
603259.SH,药明康德,20251228,,,90.949856759789,
300347.SZ,泰格医药,20251227,,,54.958216662841,
688293.SH,奥浦迈,20251227,,,52.078337182448,
300759.SZ,康龙化成,20251227,,,29.268701298701,
002821.SZ,凯莱英,20251227,,,94.382886570712,
603259.SH,药明康德,20251227,,,90.949856759789,
300347.SZ,泰格医药,20251226,8848677.0,4.8560035585E8,54.958216662841,1.5627790518559
688293.SH,奥浦迈,20251226,628706.0,3.2674141E7,52.078337182448,0.5523679048967
300759.SZ,康龙化成,20251226,1.374766E7,4.0529218525E8,29.268701298701,0.96856481844925
002821.SZ,凯莱英,20251226,2402527.0,2.2921134722E8,94.382886570712,0.75789511286742
603259.SH,药明康德,20251226,2.5704034E7,2.383614853E9,90.949856759789,1.0392689644277
300347.SZ,泰格医药,20251225,1.3327895E7,7.2385512522E8,54.698932751894,2.3538609343899
688293.SH,奥浦迈,20251225,608362.0,3.1772017E7,52.44662817552,0.534494093199
300759.SZ,康龙化成,20251225,1.8492934E7,5.4342638736E8,29.358116883117,1.3028839280506
002821.SZ,凯莱英,20251225,2534200.0,2.4268559551E8,95.195848408821,0.79943234562135
603259.SH,药明康德,20251225,2.218197E7,2.025605167E9,90.204205291208,0.89686439843906
300347.SZ,泰格医药,20251224,1.5941486E7,8.4450131079E8,53.372595822814,2.8154514371192
688293.SH,奥浦迈,20251224,511388.0,2.6841536E7,51.99870669746,0.44929477076617
300759.SZ,康龙化成,20251224,1.349328E7,3.9081525985E8,28.722272727273,0.9506429671293
002821.SZ,凯莱英,20251224,3691619.0,3.5163719748E8,94.462199920771,1.1645488265766
603259.SH,药明康德,20251224,2.5066941E7,2.279968167E9,89.105350495405,1.01350993445
300347.SZ,泰格医药,20251223,6171054.0,3.161035196E8,50.889453752582,1.0898797548008
688293.SH,奥浦迈,20251223,430631.0,2.2613455E7,52.197782909931,0.37834336439221
300759.SZ,康龙化成,20251223,1.3651883E7,3.9400727835E8,28.622922077922,0.9618170349998
002821.SZ,凯莱英,20251223,3277764.0,3.133246133E8,94.719968308464,1.033995171223
603259.SH,药明康德,20251223,2.5125527E7,2.285873837E9,88.909126424726,1.0158786914922
300347.SZ,泰格医药,20251222,9668300.0,4.9649508555E8,51.098875372963,1.7075339858216
688293.SH,奥浦迈,20251222,261829.0,1.3759795E7,52.068383371824,0.23003746770541
300759.SZ,康龙化成,20251222,2.0361473E7,5.9171682778E8,28.821623376623,1.4345282324122
002821.SZ,凯莱英,20251222,3932113.0,3.7430851017E8,93.88717813284,1.2404144577532
603259.SH,药明康德,20251222,3.5715431E7,3.279419407E9,89.487987433229,1.4440511162357
300347.SZ,泰格医药,20251221,,,51.896672022034,
688293.SH,奥浦迈,20251221,,,52.416766743649,
300759.SZ,康龙化成,20251221,,,29.248831168831,
002821.SZ,凯莱英,20251221,,,93.976405651657,
603259.SH,药明康德,20251221,,,90.724199078508,
300347.SZ,泰格医药,20251220,,,51.896672022034,
688293.SH,奥浦迈,20251220,,,52.416766743649,
300759.SZ,康龙化成,20251220,,,29.248831168831,
002821.SZ,凯莱英,20251220,,,93.976405651657,
603259.SH,药明康德,20251220,,,90.724199078508,
300347.SZ,泰格医药,20251219,1.3091405E7,6.7411484801E8,51.896672022034,2.3120940557963
688293.SH,奥浦迈,20251219,430868.0,2.2627649E7,52.416766743649,0.37855158762129
300759.SZ,康龙化成,20251219,1.9904542E7,5.8730983427E8,29.248831168831,1.4023360418097
002821.SZ,凯莱英,20251219,6587010.0,6.2004416848E8,93.976405651657,2.0779215748289
603259.SH,药明康德,20251219,4.6376162E7,4.316390163E9,90.724199078508,1.875087227782
300347.SZ,泰格医药,20251218,9398257.0,4.7418633491E8,50.171436768419,1.6598412580274
688293.SH,奥浦迈,20251218,378465.0,1.9665596E7,51.092909930716,0.33251141094046
300759.SZ,康龙化成,20251218,1.2968085E7,3.7877655271E8,28.811688311688,0.91364136832446
002821.SZ,凯莱英,20251218,2084348.0,1.9089006328E8,90.248678198864,0.65752316736294
603259.SH,药明康德,20251218,2.8653937E7,2.608663453E9,88.879692814124,1.1585398398075
300347.SZ,泰格医药,20251217,7351644.0,3.6352882204E8,49.962015148038,1.2983856501827
688293.SH,奥浦迈,20251217,396105.0,2.0712918E7,52.47648960739,0.34800954495282
300759.SZ,康龙化成,20251217,1.6014621E7,4.6166963873E8,29.000454545455,1.1282791748849
002821.SZ,凯莱英,20251217,2320263.0,2.1117571062E8,91.002155024429,0.73194431873902
603259.SH,药明康德,20251217,3.0157676E7,2.706502932E9,88.879692814124,1.2193392175745
300347.SZ,泰格医药,20251216,6338318.0,3.1086985276E8,48.954796878586,1.1194205183895
688293.SH,奥浦迈,20251216,337289.0,1.7790799E7,52.058429561201,0.29633504098053
300759.SZ,康龙化成,20251216,1.5152456E7,4.3475989436E8,28.175844155844,1.0675370059123
002821.SZ,凯莱英,20251216,2328254.0,2.1163389544E8,89.683570579691,0.73446513946109
603259.SH,药明康德,20251216,2.8070935E7,2.517653654E9,87.437445894632,1.1349678244266
300347.SZ,泰格医药,20251215,7825358.0,3.8826474938E8,49.154246040854,1.3820490402885
688293.SH,奥浦迈,20251215,675534.0,3.5809863E7,52.884595842956,0.59351000350957
300759.SZ,康龙化成,20251215,2.1049164E7,6.1552675824E8,28.662662337662,1.4829781728795
002821.SZ,凯莱英,20251215,2620659.0,2.4306554185E8,91.359065099696,0.82670648387803
603259.SH,药明康德,20251215,3.4165715E7,3.139061025E9,89.487987433229,1.3813927902127
300347.SZ,泰格医药,20251214,,,50.141519394078,
688293.SH,奥浦迈,20251214,,,53.103579676674,
300759.SZ,康龙化成,20251214,,,29.715779220779,
002821.SZ,凯莱英,20251214,,,93.27249966988,
603259.SH,药明康德,20251214,,,92.274369236873,
300347.SZ,泰格医药,20251213,,,50.141519394078,
688293.SH,奥浦迈,20251213,,,53.103579676674,
300759.SZ,康龙化成,20251213,,,29.715779220779,
002821.SZ,凯莱英,20251213,,,93.27249966988,
603259.SH,药明康德,20251213,,,92.274369236873,
300347.SZ,泰格医药,20251212,1.1248875E7,5.6229340249E8,50.141519394078,1.9866818742446
688293.SH,奥浦迈,20251212,1017521.0,5.3642606E7,53.103579676674,0.89397260875258
300759.SZ,康龙化成,20251212,3.4843002E7,1.035389095E9,29.715779220779,2.4547963730814
002821.SZ,凯莱英,20251212,4036565.0,3.7894287584E8,93.27249966988,1.2733646224462
603259.SH,药明康德,20251212,4.734049E7,4.424061212E9,92.274369236873,1.9140770673507
300347.SZ,泰格医药,20251211,6673753.0,3.3272567839E8,49.05452145972,1.1786622322931
688293.SH,奥浦迈,20251211,556532.0,2.8614944E7,50.724618937644,0.48895734229985
300759.SZ,康龙化成,20251211,1.5089088E7,4.4351904591E8,28.861363636364,1.0630725359286
002821.SZ,凯莱英,20251211,2921013.0,2.7441327804E8,92.697477881949,0.92145539980288
603259.SH,药明康德,20251211,4.5759605E7,4.318081883E9,91.636641007166,1.850158512122
300347.SZ,泰格医药,20251210,7524265.0,3.7229317156E8,49.752593527657,1.3288725221423
688293.SH,奥浦迈,20251210,884076.0,4.6540604E7,51.600554272517,0.77673063067548
300759.SZ,康龙化成,20251210,1.51105E7,4.3856510931E8,29.179285714286,1.0645810770107
002821.SZ,凯莱英,20251210,2463970.0,2.2855350768E8,92.647907038162,0.77727776680634
603259.SH,药明康德,20251210,2.9573112E7,2.701885873E9,90.998912777459,1.1957040471992
300347.SZ,泰格医药,20251209,1.1136409E7,5.5632340035E8,49.622951572183,1.9668190734162
688293.SH,奥浦迈,20251209,547773.0,2.8114158E7,51.043140877598,0.48126186861424
300759.SZ,康龙化成,20251209,1.9176725E7,5.6421935875E8,28.911038961039,1.3510591015545
002821.SZ,凯莱英,20251209,3556792.0,3.3398808949E8,91.963829393899,1.122016640931
603259.SH,药明康德,20251209,3.9010211E7,3.622415928E9,90.429862972489,1.5772661049265
300347.SZ,泰格医药,20251208,7108402.0,3.5132508218E8,49.174190957081,1.2554262900285
688293.SH,奥浦迈,20251208,613138.0,3.1367986E7,51.371616628176,0.53869018662547
300759.SZ,康龙化成,20251208,1.3887187E7,4.0523291827E8,28.940844155844,0.97839492360342
002821.SZ,凯莱英,20251208,2511698.0,2.3416758122E8,92.519022844315,0.79233392140812
603259.SH,药明康德,20251208,3.6469133E7,3.328835853E9,89.821568353384,1.4745248970059
300347.SZ,泰格医药,20251207,,,49.313805370668,
688293.SH,奥浦迈,20251207,,,50.585265588915,
300759.SZ,康龙化成,20251207,,,29.020324675325,
002821.SZ,凯莱英,20251207,,,91.448292618513,
603259.SH,药明康德,20251207,,,88.693279946978,
300347.SZ,泰格医药,20251206,,,49.313805370668,
688293.SH,奥浦迈,20251206,,,50.585265588915,
300759.SZ,康龙化成,20251206,,,29.020324675325,
002821.SZ,凯莱英,20251206,,,91.448292618513,
603259.SH,药明康德,20251206,,,88.693279946978,
300347.SZ,泰格医药,20251205,7751980.0,3.787397974E8,49.313805370668,1.3690896338973
688293.SH,奥浦迈,20251205,541710.0,2.7304366E7,50.585265588915,0.47593504398175
300759.SZ,康龙化成,20251205,1.0689834E7,3.1012352042E8,29.020324675325,0.75313159675629
002821.SZ,凯莱英,20251205,2704405.0,2.481131027E8,91.448292618513,0.85312478599167
603259.SH,药明康德,20251205,3.8458131E7,3.477451163E9,88.693279946978,1.554944332014
300347.SZ,泰格医药,20251204,8757159.0,4.2505230271E8,48.745375258205,1.5466159109402
688293.SH,奥浦迈,20251204,1284346.0,6.421962E7,49.978083140878,1.1283994572701
300759.SZ,康龙化成,20251204,1.4241885E7,4.0973955901E8,28.841493506494,1.0033844857525
002821.SZ,凯莱英,20251204,3438292.0,3.126495044E8,90.060308992473,1.0846349295601
603259.SH,药明康德,20251204,3.0397473E7,2.690705594E9,87.898572460728,1.2290347221736
300347.SZ,泰格医药,20251203,8450141.0,4.1044636051E8,48.166972687629,1.4923929690312
688293.SH,奥浦迈,20251203,1017424.0,5.0961216E7,49.968129330254,0.89388738658709
300759.SZ,康龙化成,20251203,8611705.0,2.4884528545E8,28.652727272727,0.60672103396967
002821.SZ,凯莱英,20251203,1909640.0,1.7710694988E8,91.765546018751,0.60241022196052
603259.SH,药明康德,20251203,4.664767E7,4.105128026E9,85.965765364538,1.8860648758038
300347.SZ,泰格医药,20251202,1.257388E7,6.2098284185E8,48.665595593298,2.2206931346403
688293.SH,奥浦迈,20251202,3338098.0,1.70683498E8,50.087575057737,2.9327828883451
300759.SZ,康龙化成,20251202,1.1303575E7,3.2862526609E8,28.811688311688,0.79637153287923
002821.SZ,凯莱英,20251202,2970517.0,2.7647437687E8,91.805202693781,0.93707180688899
603259.SH,药明康德,20251202,4.3333906E7,3.903610447E9,87.731782000651,1.7520823234683
300347.SZ,泰格医药,20251201,1.0476912E7,5.3321750451E8,50.630169841634,1.8503442493988
688293.SH,奥浦迈,20251201,1818776.0,1.02528777E8,54.447344110855,1.5979384459452
300759.SZ,康龙化成,20251201,1.8992646E7,5.6343989755E8,29.467402597403,1.3380901713354
002821.SZ,凯莱英,20251201,3827507.0,3.6025575075E8,93.738465601479,1.2074157126084
603259.SH,药明康德,20251201,2.7599507E7,2.530956609E9,90.55740861843,1.1159069840402
300347.SZ,泰格医药,20251130,,,50.869508836355,
688293.SH,奥浦迈,20251130,,,56.089722863741,
300759.SZ,康龙化成,20251130,,,28.762012987013,
002821.SZ,凯莱英,20251130,,,91.953915225142,
603259.SH,药明康德,20251130,,,89.468365026161,
300347.SZ,泰格医药,20251129,,,50.869508836355,
688293.SH,奥浦迈,20251129,,,56.089722863741,
300759.SZ,康龙化成,20251129,,,28.762012987013,
002821.SZ,凯莱英,20251129,,,91.953915225142,
603259.SH,药明康德,20251129,,,89.468365026161,
300347.SZ,泰格医药,20251128,7300466.0,3.7335607376E8,50.869508836355,1.2893470214345
688293.SH,奥浦迈,20251128,380021.0,2.1278572E7,56.089722863741,0.33387847990436
300759.SZ,康龙化成,20251128,9247138.0,2.6829685318E8,28.762012987013,0.65148923803361
002821.SZ,凯莱英,20251128,1740266.0,1.6094142954E8,91.953915225142,0.54897992675601
603259.SH,药明康德,20251128,3.1870398E7,2.910199047E9,89.468365026161,1.2885882241426
300347.SZ,泰格医药,20251127,8170147.0,4.1938284428E8,51.05898554051,1.4429427791503
688293.SH,奥浦迈,20251127,554795.0,3.1258665E7,55.870739030023,0.48743125053231
300759.SZ,康龙化成,20251127,1.1988261E7,3.4776412382E8,28.682532467532,0.84460976187854
002821.SZ,凯莱英,20251127,2564555.0,2.3729505649E8,91.210352568335,0.80900805742442
603259.SH,药明康德,20251127,5.0612497E7,4.668477069E9,90.459296583091,2.0463712950384
300347.SZ,泰格医药,20251126,8884877.0,4.5730810108E8,50.939316043149,1.5691723919763
688293.SH,奥浦迈,20251126,753355.0,4.2485218E7,55.343187066975,0.66188190186423
300759.SZ,康龙化成,20251126,1.5059994E7,4.3970184152E8,28.702402597403,1.0610227743817
002821.SZ,凯莱英,20251126,5339771.0,4.971795156E8,91.944001056385,1.6829236870457
603259.SH,药明康德,20251126,3.3128914E7,3.164032106E9,93.48114727155,1.3394727125476
300347.SZ,泰格医药,20251125,8585407.0,4.3768371307E8,50.719921964655,1.5162825144659
688293.SH,奥浦迈,20251125,646171.0,3.6101448E7,55.293418013857,0.56771228757958
300759.SZ,康龙化成,20251125,1.2850874E7,3.7503553911E8,28.881233766234,0.90538349382543
002821.SZ,凯莱英,20251125,2838924.0,2.5887110436E8,90.119794005018,0.89551184292808
603259.SH,药明康德,20251125,3.2183223E7,3.04968638E9,92.529460528756,1.3012364066729
300347.SZ,泰格医药,20251124,1.0182894E7,5.1537643979E8,50.56036263484,1.7984172583618
688293.SH,奥浦迈,20251124,835459.0,4.5798908E7,55.124203233256,0.73401675418573
300759.SZ,康龙化成,20251124,1.5701222E7,4.5061309327E8,28.811688311688,1.106199253972
002821.SZ,凯莱英,20251124,2615110.0,2.3649302422E8,89.961167304899,0.82491182418397
603259.SH,药明康德,20251124,3.2836673E7,3.064662429E9,92.195879608601,1.3276567850775
300347.SZ,泰格医药,20251123,,,49.453419784255,
688293.SH,奥浦迈,20251123,,,54.556836027714,
300759.SZ,康龙化成,20251123,,,28.205649350649,
002821.SZ,凯莱英,20251123,,,88.731810378978,
603259.SH,药明康德,20251123,,,90.066848441733,
300347.SZ,泰格医药,20251122,,,49.453419784255,
688293.SH,奥浦迈,20251122,,,54.556836027714,
300759.SZ,康龙化成,20251122,,,28.205649350649,
002821.SZ,凯莱英,20251122,,,88.731810378978,
603259.SH,药明康德,20251122,,,90.066848441733,
300347.SZ,泰格医药,20251121,1.3673422E7,6.812763114E8,49.453419784255,2.4148850126166
688293.SH,奥浦迈,20251121,1783758.0,9.9203002E7,54.556836027714,1.5671723656252
300759.SZ,康龙化成,20251121,1.4923577E7,4.2683661125E8,28.205649350649,1.0514117782676
002821.SZ,凯莱英,20251121,3752483.0,3.3757593328E8,88.731810378978,1.1836854269034
603259.SH,药明康德,20251121,3.4684075E7,3.196614357E9,90.066848441733,1.4023511915439
300347.SZ,泰格医药,20251120,1.1954012E7,6.1494768347E8,50.550390176727,2.1112172519387
688293.SH,奥浦迈,20251120,1221480.0,7.1703471E7,58.677713625866,1.073166708244
300759.SZ,康龙化成,20251120,1.0701956E7,3.1318619127E8,28.940844155844,0.75398562884097
002821.SZ,凯莱英,20251120,2713954.0,2.4812771041E8,90.218935692592,0.85609123321442
603259.SH,药明康德,20251120,2.4515083E7,2.312346971E9,91.901543502583,0.9911971374715
300347.SZ,泰格医药,20251119,1.0851449E7,5.7235769052E8,52.225763139775,1.9164918303021
688293.SH,奥浦迈,20251119,1067495.0,6.1639642E7,57.403625866051,0.93787871698012
300759.SZ,康龙化成,20251119,1.1780882E7,3.4521893651E8,28.970649350649,0.82999927518589
002821.SZ,凯莱英,20251119,2635585.0,2.4231712121E8,90.823699986795,0.83137047013009
603259.SH,药明康德,20251119,2.4698138E7,2.298933291E9,91.440416936487,0.99859844188478
300347.SZ,泰格医药,20251118,1.5666773E7,8.470400554E8,53.532155152628,2.7669339331271
688293.SH,奥浦迈,20251118,1585497.0,9.3385908E7,58.528406466513,1.3929844094219
300759.SZ,康龙化成,20251118,1.3389547E7,3.9706455209E8,29.328311688312,0.94333465907454
002821.SZ,凯莱英,20251118,2306486.0,2.1363913718E8,92.152198600291,0.72755928955753
603259.SH,药明康德,20251118,2.8923041E7,2.685865085E9,90.577031025498,1.1694202889776
300347.SZ,泰格医药,20251117,1.5079729E7,8.3666364207E8,55.42692219417,2.6632551497657
688293.SH,奥浦迈,20251117,731678.0,4.1658493E7,56.61727482679,0.64283694432534
300759.SZ,康龙化成,20251117,3.1938981E7,9.5219071792E8,29.606493506494,2.2501991854409
002821.SZ,凯莱英,20251117,4774169.0,4.4395291781E8,91.904344381355,1.5059666548453
603259.SH,药明康德,20251117,2.7493232E7,2.566670336E9,91.989844334388,1.1116100589274
300347.SZ,泰格医药,20251116,,,57.740532476475,
688293.SH,奥浦迈,20251116,,,58.428868360277,
300759.SZ,康龙化成,20251116,,,31.275584415584,
002821.SZ,凯莱英,20251116,,,94.491942427043,
603259.SH,药明康德,20251116,,,93.226055979667,
300347.SZ,泰格医药,20251115,,,57.740532476475,
688293.SH,奥浦迈,20251115,,,58.428868360277,
300759.SZ,康龙化成,20251115,,,31.275584415584,
002821.SZ,凯莱英,20251115,,,94.491942427043,
603259.SH,药明康德,20251115,,,93.226055979667,
300347.SZ,泰格医药,20251114,9888410.0,5.791177722E8,57.740532476475,1.7464079663165
688293.SH,奥浦迈,20251114,1573192.0,9.132267E7,58.428868360277,1.3821734945113
300759.SZ,康龙化成,20251114,1.8532109E7,5.8819237021E8,31.275584415584,1.3056439269713
002821.SZ,凯莱英,20251114,4001378.0,3.8321310971E8,94.491942427043,1.262197010921
603259.SH,药明康德,20251114,3.1867456E7,3.045864064E9,93.226055979667,1.2884692728023
300347.SZ,泰格医药,20251113,9717107.0,5.7319210068E8,58.96714482442,1.7161538684531
688293.SH,奥浦迈,20251113,1194183.0,6.9985207E7,58.229792147806,1.0491841365809
300759.SZ,康龙化成,20251113,2.1630447E7,6.8055054332E8,31.38487012987,1.5239313433363
002821.SZ,凯莱英,20251113,5710084.0,5.4495623319E8,95.364389277697,1.8011922285042
603259.SH,药明康德,20251113,5.6345813E7,5.356491219E9,94.638869288557,2.2781814996957
300347.SZ,泰格医药,20251112,9188908.0,5.3969511063E8,57.670725269681,1.6228677950196
688293.SH,奥浦迈,20251112,1612717.0,9.570019E7,58.289515011547,1.4168993304999
300759.SZ,康龙化成,20251112,1.5368378E7,4.7925976784E8,30.689415584416,1.0827493731609
002821.SZ,凯莱英,20251112,3195340.0,3.0302840922E8,93.500525551301,1.0079399139187
603259.SH,药明康德,20251112,3.4959669E7,3.261497867E9,90.6064646361,1.413494045268
300347.SZ,泰格医药,20251111,1.0159004E7,5.9663090714E8,58.657998622906,1.7941980071055
688293.SH,奥浦迈,20251111,1785396.0,1.05678363E8,58.906651270208,1.5686114780692
300759.SZ,康龙化成,20251111,1.7641961E7,5.5054605595E8,30.828506493506,1.2429302698098
002821.SZ,凯莱英,20251111,2964606.0,2.797226352E8,93.242757163608,0.93515704633715
603259.SH,药明康德,20251111,2.3067973E7,2.141520839E9,90.75363268911,0.9326873910592
300347.SZ,泰格医药,20251110,1.2503395E7,7.4197175939E8,59.834748680285,2.2082446656239
688293.SH,奥浦迈,20251110,2696034.0,1.61119564E8,61.136304849885,2.3686789248238
300759.SZ,康龙化成,20251110,1.7041571E7,5.3834981811E8,31.633246753247,1.2006309525916
002821.SZ,凯莱英,20251110,3504435.0,3.3252126347E8,94.610912452133,1.10544102106
603259.SH,药明康德,20251110,4.0864906E7,3.809049768E9,91.685697024836,1.6522553829511
300347.SZ,泰格医药,20251109,,,58.159375717237,
688293.SH,奥浦迈,20251109,,,55.741339491917,
300759.SZ,康龙化成,20251109,,,31.464350649351,
002821.SZ,凯莱英,20251109,,,94.372972401954,
603259.SH,药明康德,20251109,,,93.049454316056,
300347.SZ,泰格医药,20251108,,,58.159375717237,
688293.SH,奥浦迈,20251108,,,55.741339491917,
300759.SZ,康龙化成,20251108,,,31.464350649351,
002821.SZ,凯莱英,20251108,,,94.372972401954,
603259.SH,药明康德,20251108,,,93.049454316056,
300347.SZ,泰格医药,20251107,7528074.0,4.4046225186E8,58.159375717237,1.3295452357478
688293.SH,奥浦迈,20251107,739982.0,4.1860502E7,55.741339491917,0.65013266455429
300759.SZ,康龙化成,20251107,1.6583154E7,5.2704522281E8,31.464350649351,1.1683340687307
002821.SZ,凯莱英,20251107,4450041.0,4.2381757026E8,94.372972401954,1.4037235294131
603259.SH,药明康德,20251107,2.3402294E7,2.222382264E9,93.049454316056,0.94620470275652
300347.SZ,泰格医药,20251106,1.1253686E7,6.6823665543E8,58.528356667432,1.9875315526788
688293.SH,奥浦迈,20251106,440226.0,2.4995581E7,56.657090069284,0.38677333014327
300759.SZ,康龙化成,20251106,1.7145999E7,5.5326348991E8,32.040584415584,1.2079882255283
002821.SZ,凯莱英,20251106,2910969.0,2.7481558043E8,94.085461507989,0.91823775976268
603259.SH,药明康德,20251106,2.9814825E7,2.832701171E9,93.883406616442,1.2054770197683
300347.SZ,泰格医药,20251105,9158185.0,5.3530166004E8,58.378769795731,1.6174417566627
688293.SH,奥浦迈,20251105,904568.0,5.1658004E7,56.985565819861,0.79473447206898
300759.SZ,康龙化成,20251105,1.8077151E7,5.7929051082E8,31.861753246753,1.273590740271
002821.SZ,凯莱英,20251105,4100237.0,3.8736442512E8,93.103958801004,1.2933811515602
603259.SH,药明康德,20251105,3.9100692E7,3.695270937E9,92.529460528756,1.5809244449042
300347.SZ,泰格医药,20251104,1.1051561E7,6.5965879358E8,59.116731696121,1.9518339319095
688293.SH,奥浦迈,20251104,1299842.0,7.3912103E7,56.239030023095,1.1420139178515
300759.SZ,康龙化成,20251104,2.3992697E7,7.8029023005E8,32.030649350649,1.6903591021245
002821.SZ,凯莱英,20251104,5894465.0,5.6661009371E8,94.541513270831,1.8593534787212
603259.SH,药明康德,20251104,5.4686065E7,5.140895808E9,92.038900352058,2.21107434503
300347.SZ,泰格医药,20251103,1.6324051E7,9.8545462683E8,60.213702088593,2.8830168559918
688293.SH,奥浦迈,20251103,2248580.0,1.32743631E8,58.54831408776,1.9755552254832
300759.SZ,康龙化成,20251103,2.5711719E7,8.6320570996E8,33.232792207792,1.8114694751873
002821.SZ,凯莱英,20251103,5366785.0,5.2731981376E8,98.110614023505,1.6929017916467
603259.SH,药明康德,20251103,5.584671E7,5.419149164E9,94.589813270887,2.258001699982
300347.SZ,泰格医药,20251102,,,59.715079182924,
688293.SH,奥浦迈,20251102,,,61.594180138568,
300759.SZ,康龙化成,20251102,,,33.292402597403,
002821.SZ,凯莱英,20251102,,,97.248081341608,
603259.SH,药明康德,20251102,,,97.52336312754,
300347.SZ,泰格医药,20251101,,,59.715079182924,
688293.SH,奥浦迈,20251101,,,61.594180138568,
300759.SZ,康龙化成,20251101,,,33.292402597403,
002821.SZ,凯莱英,20251101,,,97.248081341608,
603259.SH,药明康德,20251101,,,97.52336312754,
300347.SZ,泰格医药,20251031,1.7641421E7,1.051717125E9,59.715079182924,3.1156796867792
688293.SH,奥浦迈,20251031,2221827.0,1.33120951E8,61.594180138568,1.9520506008101
300759.SZ,康龙化成,20251031,3.4073305E7,1.13867070489E9,33.292402597403,2.4005688583578
002821.SZ,凯莱英,20251031,1.3697552E7,1.33321302775E9,97.248081341608,4.3207637947064
603259.SH,药明康德,20251031,6.5694079E7,6.514330556E9,97.52336312754,2.6561518496032
300347.SZ,泰格医药,20251030,2.3948424E7,1.42116840259E9,58.927254991967,4.2295696127412
688293.SH,奥浦迈,20251030,2624022.0,1.5306001E8,57.433487297921,2.3054106920291
300759.SZ,康龙化成,20251030,3.5978462E7,1.21138720169E9,32.924805194805,2.5347930131465
002821.SZ,凯莱英,20251030,6820423.0,7.0022121703E8,101.64997226991,2.1514382104907
603259.SH,药明康德,20251030,1.23118577E8,1.2060746724E10,95.227541500594,4.9779468864929
300347.SZ,泰格医药,20251029,3.2271692E7,1.8491936074E9,59.316180858389,5.699555337543
688293.SH,奥浦迈,20251029,2487661.0,1.48748837E8,61.82311778291,2.1856067775132
300759.SZ,康龙化成,20251029,4.2577058E7,1.4188436473E9,33.828896103896,2.9996843427807
002821.SZ,凯莱英,20251029,7689628.0,7.9906234793E8,105.0505321537,2.4256207428277
603259.SH,药明康德,20251029,4.5323403E7,4.751312634E9,104.03800227409,1.8325219341116
300347.SZ,泰格医药,20251028,8463230.0,4.5015675658E8,53.392540739041,1.4947046383361
688293.SH,奥浦迈,20251028,1018960.0,5.7740637E7,56.219122401848,0.89523688397048
300759.SZ,康龙化成,20251028,1.7978737E7,5.780918499E8,31.762402597403,1.2666571720825
002821.SZ,凯莱英,20251028,4106845.0,4.2634593858E8,102.4431057705,1.2954655829356
603259.SH,药明康德,20251028,4.6230959E7,4.875566E9,101.99727193903,1.8692163605305
300347.SZ,泰格医药,20251027,1.3773138E7,7.3761453926E8,53.223008951113,2.4324960154744
688293.SH,奥浦迈,20251027,1600374.0,9.218077E7,56.915889145497,1.4060550295864
300759.SZ,康龙化成,20251027,2.6904937E7,8.8042439452E8,32.060454545455,1.8955353435271
002821.SZ,凯莱英,20251027,1.0061497E7,1.06150019475E9,103.8410035653,3.1738044840529
603259.SH,药明康德,20251027,7.1976496E7,7.772066E9,104.62667448613,2.9101633798437
300347.SZ,泰格医药,20251026,,,52.415239843929,
688293.SH,奥浦迈,20251026,,,56.219122401848,
300759.SZ,康龙化成,20251026,,,32.13,
002821.SZ,凯莱英,20251026,,,104.85224877856,
603259.SH,药明康德,20251026,,,101.85010388602,
300347.SZ,泰格医药,20251025,,,52.415239843929,
688293.SH,奥浦迈,20251025,,,56.219122401848,
300759.SZ,康龙化成,20251025,,,32.13,
002821.SZ,凯莱英,20251025,,,104.85224877856,
603259.SH,药明康德,20251025,,,101.85010388602,
300347.SZ,泰格医药,20251024,8334518.0,4.3964363493E8,52.415239843929,1.4719726053641
688293.SH,奥浦迈,20251024,1546611.0,8.7029913E7,56.219122401848,1.3588199854307
300759.SZ,康龙化成,20251024,3.0856914E7,1.00378880402E9,32.13,2.1739642460109
002821.SZ,凯莱英,20251024,5221893.0,5.550839853E8,104.85224877856,1.6471969746296
603259.SH,药明康德,20251024,3.79004E7,3.925070776E9,101.85010388602,1.5323940771086
300347.SZ,泰格医药,20251023,8589270.0,4.4935923216E8,52.485047050723,1.5169647650981
688293.SH,奥浦迈,20251023,821692.0,4.4567005E7,54.278129330254,0.72192135673969
300759.SZ,康龙化成,20251023,1.9266175E7,5.9972118727E8,31.235844155844,1.3573611284456
002821.SZ,凯莱英,20251023,4182857.0,4.3258164148E8,103.50392182755,1.3194428525648
603259.SH,药明康德,20251023,2.2487548E7,2.268178658E9,99.97616401103,0.90921956928936
300347.SZ,泰格医药,20251022,6080550.0,3.2663986604E8,53.073422079412,1.0738956980532
688293.SH,奥浦迈,20251022,2109970.0,1.1766989E8,54.935080831409,1.8537753867386
300759.SZ,康龙化成,20251022,2.1285268E7,6.6773704466E8,30.758961038961,1.4996124239371
002821.SZ,凯莱英,20251022,2990457.0,3.1842171129E8,104.60439455962,0.94331150085989
603259.SH,药明康德,20251022,2.1132156E7,2.140772253E9,98.995043657634,0.85441817740536
300347.SZ,泰格医药,20251021,7792249.0,4.1922867765E8,53.552100068855,1.3762016066407
688293.SH,奥浦迈,20251021,1195994.0,6.8293698E7,57.463348729792,1.0532867670217
300759.SZ,康龙化成,20251021,1.8289455E7,5.6379019267E8,30.669545454545,1.2885482083213
002821.SZ,凯莱英,20251021,3725643.0,3.9657632295E8,106.14109071702,1.1752190016436
603259.SH,药明康德,20251021,3.3544687E7,3.3952462E9,100.11352086051,1.3562833024786
300347.SZ,泰格医药,20251020,6744987.0,3.6418131408E8,53.931053477163,1.1912429834019
688293.SH,奥浦迈,20251020,931825.0,5.2360992E7,56.258937644342,0.82063868353853
300759.SZ,康龙化成,20251020,2.1325289E7,6.5269293251E8,30.361558441558,1.502432026153
002821.SZ,凯莱英,20251020,5027253.0,5.3217309901E8,104.89190545359,1.585799619467
603259.SH,药明康德,20251020,2.984771E7,2.957685477E9,97.022991747309,1.2068066305172
300347.SZ,泰格医药,20251019,,,53.422458113381,
688293.SH,奥浦迈,20251019,,,54.915173210162,
300759.SZ,康龙化成,20251019,,,29.835,
002821.SZ,凯莱英,20251019,,,102.11593820151,
603259.SH,药明康德,20251019,,,94.776226138032,
300347.SZ,泰格医药,20251018,,,53.422458113381,
688293.SH,奥浦迈,20251018,,,54.915173210162,
300759.SZ,康龙化成,20251018,,,29.835,
002821.SZ,凯莱英,20251018,,,102.11593820151,
603259.SH,药明康德,20251018,,,94.776226138032,
300347.SZ,泰格医药,20251017,8523451.0,4.6398967509E8,53.422458113381,1.5053403658332
688293.SH,奥浦迈,20251017,1348412.0,7.5077381E7,54.915173210162,1.1875180946503
300759.SZ,康龙化成,20251017,2.5118012E7,7.6444555738E8,29.835,1.7696409958194
002821.SZ,凯莱英,20251017,3723941.0,3.8654160678E8,102.11593820151,1.1746821217706
603259.SH,药明康德,20251017,3.9641854E7,3.886666751E9,94.776226138032,1.6028047797702
300347.SZ,泰格医药,20251016,7113638.0,3.8888006457E8,54.339924259812,1.2563510283951
688293.SH,奥浦迈,20251016,1469787.0,8.4315825E7,56.985565819861,1.2944105049361
300759.SZ,康龙化成,20251016,2.407801E7,7.5307114817E8,30.878181818182,1.6963696646752
002821.SZ,凯莱英,20251016,3614864.0,3.8395613358E8,104.53499537832,1.1402748092497
603259.SH,药明康德,20251016,3.9160445E7,3.949543565E9,99.152022914177,1.5833403862475
300347.SZ,泰格医药,20251015,8512129.0,4.6563273659E8,54.918326830388,1.5033407692353
688293.SH,奥浦迈,20251015,1732489.0,9.9913875E7,57.443441108545,1.5257666323666
300759.SZ,康龙化成,20251015,3.0907865E7,9.4955956986E8,31.146428571429,2.1775539002549
002821.SZ,凯莱英,20251015,4789104.0,4.9814588242E8,105.15958801004,1.5106777599591
603259.SH,药明康德,20251015,4.2180075E7,4.123404369E9,97.582230348744,1.7054304730819
300347.SZ,泰格医药,20251014,1.1882839E7,6.5246012674E8,53.572044985081,2.0986472741378
688293.SH,奥浦迈,20251014,1816188.0,1.05542663E8,55.830923787529,1.5994785816848
300759.SZ,康龙化成,20251014,4.0282989E7,1.24768948756E9,29.85487012987,2.8380601445903
002821.SZ,凯莱英,20251014,5905253.0,6.1822996761E8,101.12452132576,1.8627564517354
603259.SH,药明康德,20251014,5.6189084E7,5.506647134E9,94.109064297723,2.2718446116599
300347.SZ,泰格医药,20251013,1.1405856E7,6.1851224172E8,54.200309846224,2.0144065406935
688293.SH,奥浦迈,20251013,1320087.0,7.9571996E7,60.160831408776,1.1625728627546
300759.SZ,康龙化成,20251013,3.0949311E7,9.8056278519E8,31.553766233766,2.1804738980921
002821.SZ,凯莱英,20251013,5779631.0,6.1470312034E8,104.5151670408,1.8231301747614
603259.SH,药明康德,20251013,7.009359E7,6.957583503E9,97.847132844161,2.8340334708677
300347.SZ,泰格医药,20251012,,,55.466812026624,
688293.SH,奥浦迈,20251012,,,60.718244803695,
300759.SZ,康龙化成,20251012,,,32.865194805195,
002821.SZ,凯莱英,20251012,,,110.0571873762,
603259.SH,药明康德,20251012,,,102.74292340761,
300347.SZ,泰格医药,20251011,,,55.466812026624,
688293.SH,奥浦迈,20251011,,,60.718244803695,
300759.SZ,康龙化成,20251011,,,32.865194805195,
002821.SZ,凯莱英,20251011,,,110.0571873762,
603259.SH,药明康德,20251011,,,102.74292340761,
300347.SZ,泰格医药,20251010,1.1037072E7,6.1900032783E8,55.466812026624,1.9492750063569
688293.SH,奥浦迈,20251010,1560931.0,9.6889757E7,60.718244803695,1.3746791092045
300759.SZ,康龙化成,20251010,3.6984629E7,1.25350306796E9,32.865194805195,2.6056805647505
002821.SZ,凯莱英,20251010,6090526.0,6.7917121731E8,110.0571873762,1.9211990749528
603259.SH,药明康德,20251010,6.8930865E7,7.356582326E9,102.74292340761,2.7870220170755
300347.SZ,泰格医药,20251009,1.3046126E7,7.4451742322E8,56.75325912325,2.3040972589091
688293.SH,奥浦迈,20251009,1372095.0,8.5044129E7,61.534457274827,1.2083752147558
300759.SZ,康龙化成,20251009,3.2947789E7,1.16158452898E9,35.070779220779,2.3212728035963
002821.SZ,凯莱英,20251009,6320030.0,7.1194279694E8,112.50598705929,1.9935939506168
603259.SH,药明康德,20251009,5.5470829E7,6.219178956E9,110.71943188071,2.2428040287676
300347.SZ,泰格医药,20251008,,,57.840257057608,
688293.SH,奥浦迈,20251008,,,63.92337182448,
300759.SZ,康龙化成,20251008,,,35.517857142857,
002821.SZ,凯莱英,20251008,,,112.72409877195,
603259.SH,药明康德,20251008,,,109.91491319093,
300347.SZ,泰格医药,20251007,,,57.840257057608,
688293.SH,奥浦迈,20251007,,,63.92337182448,
300759.SZ,康龙化成,20251007,,,35.517857142857,
002821.SZ,凯莱英,20251007,,,112.72409877195,
603259.SH,药明康德,20251007,,,109.91491319093,
300347.SZ,泰格医药,20251006,,,57.840257057608,
688293.SH,奥浦迈,20251006,,,63.92337182448,
300759.SZ,康龙化成,20251006,,,35.517857142857,
002821.SZ,凯莱英,20251006,,,112.72409877195,
603259.SH,药明康德,20251006,,,109.91491319093,
300347.SZ,泰格医药,20251005,,,57.840257057608,
688293.SH,奥浦迈,20251005,,,63.92337182448,
300759.SZ,康龙化成,20251005,,,35.517857142857,
002821.SZ,凯莱英,20251005,,,112.72409877195,
603259.SH,药明康德,20251005,,,109.91491319093,
300347.SZ,泰格医药,20251004,,,57.840257057608,
688293.SH,奥浦迈,20251004,,,63.92337182448,
300759.SZ,康龙化成,20251004,,,35.517857142857,
002821.SZ,凯莱英,20251004,,,112.72409877195,
603259.SH,药明康德,20251004,,,109.91491319093,
300347.SZ,泰格医药,20251003,,,57.840257057608,
688293.SH,奥浦迈,20251003,,,63.92337182448,
300759.SZ,康龙化成,20251003,,,35.517857142857,
002821.SZ,凯莱英,20251003,,,112.72409877195,
603259.SH,药明康德,20251003,,,109.91491319093,
300347.SZ,泰格医药,20251002,,,57.840257057608,
688293.SH,奥浦迈,20251002,,,63.92337182448,
300759.SZ,康龙化成,20251002,,,35.517857142857,
002821.SZ,凯莱英,20251002,,,112.72409877195,
603259.SH,药明康德,20251002,,,109.91491319093,
300347.SZ,泰格医药,20251001,,,57.840257057608,
688293.SH,奥浦迈,20251001,,,63.92337182448,
300759.SZ,康龙化成,20251001,,,35.517857142857,
002821.SZ,凯莱英,20251001,,,112.72409877195,
603259.SH,药明康德,20251001,,,109.91491319093,
300347.SZ,泰格医药,20250930,1.2100542E7,7.0468932506E8,57.840257057608,2.1370961504982
688293.SH,奥浦迈,20250930,1184745.0,7.6993032E7,63.92337182448,1.0433800092602
300759.SZ,康龙化成,20250930,4.1373024E7,1.46331934101E9,35.517857142857,2.9148564540625
002821.SZ,凯莱英,20250930,8996524.0,1.00751681318E9,112.72409877195,2.8378687795752
603259.SH,药明康德,20250930,7.0739544E7,7.791722622E9,109.91491319093,2.8601507699908
300347.SZ,泰格医药,20250929,1.0663511E7,6.1908862814E8,58.548301583658,1.8832997983805
688293.SH,奥浦迈,20250929,3066201.0,1.96226715E8,65.864364896074,2.7003387461213
300759.SZ,康龙化成,20250929,4.1485608E7,1.40731891164E9,34.613766233766,2.922788342218
002821.SZ,凯莱英,20250929,6864528.0,7.3090962315E8,108.99637131916,2.1653507174237
603259.SH,药明康德,20250929,4.6935401E7,4.865689507E9,103.28253960197,1.8976984543465
300347.SZ,泰格医药,20250928,,,59.126704154235,
688293.SH,奥浦迈,20250928,,,65.864364896074,
300759.SZ,康龙化成,20250928,,,33.352012987013,
002821.SZ,凯莱英,20250928,,,106.83508253004,
603259.SH,药明康德,20250928,,,100.97690677149,
300347.SZ,泰格医药,20250927,,,59.126704154235,
688293.SH,奥浦迈,20250927,,,65.864364896074,
300759.SZ,康龙化成,20250927,,,33.352012987013,
002821.SZ,凯莱英,20250927,,,106.83508253004,
603259.SH,药明康德,20250927,,,100.97690677149,
300347.SZ,泰格医药,20250926,1.0384552E7,6.1935800947E8,59.126704154235,1.8340324015113
688293.SH,奥浦迈,20250926,3854020.0,2.47454587E8,65.864364896074,3.3941543735478
300759.SZ,康龙化成,20250926,3.1248683E7,1.05350728709E9,33.352012987013,2.2015655738266
002821.SZ,凯莱英,20250926,5985311.0,6.4735077491E8,106.83508253004,1.8880099939652
603259.SH,药明康德,20250926,4.8528522E7,5.017475182E9,100.97690677149,1.9621117371751
300347.SZ,泰格医药,20250925,9587594.0,5.8839001072E8,60.532820748221,1.6932803695851
688293.SH,奥浦迈,20250925,3056180.0,1.86968662E8,62.559699769053,2.691513462138
300759.SZ,康龙化成,20250925,3.6976219E7,1.2879703352E9,34.375324675325,2.6050880544525
002821.SZ,凯莱英,20250925,7385280.0,8.2358813263E8,110.76109335798,2.3296170321361
603259.SH,药明康德,20250925,5.2709691E7,5.663189313E9,105.00931142395,2.13116532529
300347.SZ,泰格医药,20250924,1.5054934E7,9.0819093141E8,60.831994491623,2.6588760650064
688293.SH,奥浦迈,20250924,2252334.0,1.31894363E8,58.23974595843,1.9835831928195
300759.SZ,康龙化成,20250924,3.0167036E7,1.03270605532E9,34.047467532468,2.1253602246849
002821.SZ,凯莱英,20250924,5469126.0,5.9468749629E8,108.3122936749,1.7251842963975
603259.SH,药明康德,20250924,3.9349193E7,4.135949756E9,102.71119369396,1.5909718708035
300347.SZ,泰格医药,20250923,1.0404338E7,5.9923408037E8,57.640807895341,1.8375268387385
688293.SH,奥浦迈,20250923,2980109.0,1.69706007E8,57.124919168591,2.6245193320219
300759.SZ,康龙化成,20250923,5.0378016E7,1.7096288117E9,33.848766233766,3.5492857636044
002821.SZ,凯莱英,20250923,7036620.0,7.6307635666E8,107.71744354945,2.2196355183107
603259.SH,药明康德,20250923,6.4331421E7,6.771720869E9,102.46671308439,2.6010566778287
300347.SZ,泰格医药,20250922,7073015.0,4.1710626249E8,58.947199908194,1.2491765351433
688293.SH,奥浦迈,20250922,4710050.0,2.67295102E8,58.428868360277,4.1480419943666
300759.SZ,康龙化成,20250922,3.5549038E7,1.24463988476E9,35.021103896104,2.5045387750727
002821.SZ,凯莱英,20250922,6076734.0,6.7901725226E8,110.16624323254,1.9168485184259
603259.SH,药明康德,20250922,4.3983582E7,4.779804629E9,106.62288344713,1.7783501109967
300347.SZ,泰格医药,20250921,,,58.588191416112,
688293.SH,奥浦迈,20250921,,,53.163302540416,
300759.SZ,康龙化成,20250921,,,34.782662337662,
002821.SZ,凯莱英,20250921,,,109.74984814472,
603259.SH,药明康德,20250921,,,106.34906516441,
300347.SZ,泰格医药,20250920,,,58.588191416112,
688293.SH,奥浦迈,20250920,,,53.163302540416,
300759.SZ,康龙化成,20250920,,,34.782662337662,
002821.SZ,凯莱英,20250920,,,109.74984814472,
603259.SH,药明康德,20250920,,,106.34906516441,
300347.SZ,泰格医药,20250919,9275253.0,5.4995381399E8,58.588191416112,1.6381173240998
688293.SH,奥浦迈,20250919,3474741.0,1.88838433E8,53.163302540416,3.0601313335415
300759.SZ,康龙化成,20250919,5.2571543E7,1.87339320552E9,34.782662337662,3.7038264694786
002821.SZ,凯莱英,20250919,7758331.0,8.7145204018E8,109.74984814472,2.4472924572324
603259.SH,药明康德,20250919,5.0163714E7,5.395330165E9,106.34906516441,2.0282260403417
300347.SZ,泰格医药,20250918,1.5662143E7,9.4189611067E8,59.286263484049,2.7661162213934
688293.SH,奥浦迈,20250918,2456290.0,1.29743973E8,52.267459584296,2.1632029533323
300759.SZ,康龙化成,20250918,7.9017749E7,2.839441739E9,35.468181818182,5.5670428068815
002821.SZ,凯莱英,20250918,1.1458548E7,1.32048304594E9,113.19997887231,3.6144910666012
603259.SH,药明康德,20250918,5.4306896E7,5.895425335E9,105.05820754586,2.1957437329567
300347.SZ,泰格医药,20250917,1.1136041E7,6.7267747552E8,60.054142758779,1.9667540803453
688293.SH,奥浦迈,20250917,1952739.0,1.02551186E8,52.406812933025,1.719736176057
300759.SZ,康龙化成,20250917,5.1058305E7,1.81575951595E9,35.259545454545,3.5972142104657
002821.SZ,凯莱英,20250917,9218135.0,1.07472416989E9,115.7181777367,2.9077738827139
603259.SH,药明康德,20250917,4.9765207E7,5.381554265E9,106.87714328109,2.012113551648
300347.SZ,泰格医药,20250916,1.0096948E7,6.1526231578E8,60.702352536149,1.7832381973122
688293.SH,奥浦迈,20250916,1850507.0,9.9060449E7,53.362378752887,1.6297026033416
300759.SZ,康龙化成,20250916,5.630508E7,1.9987477832E9,35.468181818182,3.9668656038897
002821.SZ,凯莱英,20250916,1.1409267E7,1.33440220451E9,117.1854747128,3.5989458392083
603259.SH,药明康德,20250916,3.5000928E7,3.72654483E9,104.68659701931,1.4151622347126
300347.SZ,泰格医药,20250915,1.7249014E7,1.07326606892E9,61.599873766353,3.0463760564849
688293.SH,奥浦迈,20250915,2802532.0,1.51827931E8,53.422101616628,2.4681310021244
300759.SZ,康龙化成,20250915,8.9557145E7,3.17804501569E9,35.666883116883,6.3095755850638
002821.SZ,凯莱英,20250915,1.799755E7,2.08301380563E9,115.68843523042,5.677157672657
603259.SH,药明康德,20250915,5.1392197E7,5.509643218E9,104.6377008974,2.077896230446
300347.SZ,泰格医药,20250914,,,60.841966949736,
688293.SH,奥浦迈,20250914,,,52.207736720554,
300759.SZ,康龙化成,20250914,,,33.530844155844,
002821.SZ,凯莱英,20250914,,,111.11800343325,
603259.SH,药明康德,20250914,,,103.14147956681,
300347.SZ,泰格医药,20250913,,,60.841966949736,
688293.SH,奥浦迈,20250913,,,52.207736720554,
300759.SZ,康龙化成,20250913,,,33.530844155844,
002821.SZ,凯莱英,20250913,,,111.11800343325,
603259.SH,药明康德,20250913,,,103.14147956681,
300347.SZ,泰格医药,20250912,1.9804321E7,1.20393548544E9,60.841966949736,3.497672928397
688293.SH,奥浦迈,20250912,2938234.0,1.51993096E8,52.207736720554,2.587640900049
300759.SZ,康龙化成,20250912,7.8691672E7,2.61009830123E9,33.530844155844,5.5440696819784
002821.SZ,凯莱英,20250912,1.5125838E7,1.67061626457E9,111.11800343325,4.7713031638788
603259.SH,药明康德,20250912,5.6662117E7,5.955282693E9,103.14147956681,2.2909703456225
300347.SZ,泰格医药,20250911,3.6221959E7,2.13524084032E9,61.051388570117,6.3972183347162
688293.SH,奥浦迈,20250911,2294617.0,1.15687993E8,51.097777245858,2.0208209418132
300759.SZ,康龙化成,20250911,8.601954E7,2.69528983536E9,32.259155844156,6.0603404610812
002821.SZ,凯莱英,20250911,1.3133797E7,1.39400950151E9,109.01619965668,4.142932588584
603259.SH,药明康德,20250911,1.0034019E8,1.0267266156E10,102.33958316741,4.0569680755862
300347.SZ,泰格医药,20250910,1.1637411E7,7.6185579338E8,64.043126004131,2.0553018410139
688293.SH,奥浦迈,20250910,2094923.0,1.09538679E8,52.068991786217,1.8449546350812
300759.SZ,康龙化成,20250910,6.8746333E7,2.27968339906E9,32.686363636364,4.8433900417378
002821.SZ,凯莱英,20250910,1.3241276E7,1.4705852438E9,110.04727320745,4.1768358270525
603259.SH,药明康德,20250910,4.7851765E7,5.14466647E9,104.86262305821,1.9347490070076
300347.SZ,泰格医药,20250909,1.0824184E7,7.0779462975E8,64.48191416112,1.9116765148771
688293.SH,奥浦迈,20250909,1589535.0,8.1950826E7,50.542797508509,1.3998700505335
300759.SZ,康龙化成,20250909,5.236031E7,1.68186567365E9,31.583571428571,3.6889444566636
002821.SZ,凯莱英,20250909,8466419.0,9.1512788341E8,105.52641225406,2.6706521490858
603259.SH,药明康德,20250909,6.4218447E7,6.945057887E9,104.02160976127,2.5964888978457
300347.SZ,泰格医药,20250908,1.1809243E7,7.9468711469E8,67.004946063805,2.0856493664166
688293.SH,奥浦迈,20250908,1285333.0,6.8300032E7,52.574419761302,1.1319657457448
300759.SZ,康龙化成,20250908,6.6460758E7,2.12599962009E9,32.388311688312,4.682364271903
002821.SZ,凯莱英,20250908,9555446.0,1.04410088009E9,109.452423082,3.0141754613578
603259.SH,药明康德,20250908,7.1097532E7,7.767481385E9,108.15822167526,2.8746249890195
300347.SZ,泰格医药,20250907,,,66.396626118889,
688293.SH,奥浦迈,20250907,,,52.485226589228,
300759.SZ,康龙化成,20250907,,,31.096753246753,
002821.SZ,凯莱英,20250907,,,107.34070513667,
603259.SH,药明康德,20250907,,,105.02886987272,
300347.SZ,泰格医药,20250906,,,66.396626118889,
688293.SH,奥浦迈,20250906,,,52.485226589228,
300759.SZ,康龙化成,20250906,,,31.096753246753,
002821.SZ,凯莱英,20250906,,,107.34070513667,
603259.SH,药明康德,20250906,,,105.02886987272,
300347.SZ,泰格医药,20250905,1.462992E7,9.5045108275E8,66.396626118889,2.5838136600903
688293.SH,奥浦迈,20250905,1684860.0,8.7679614E7,52.485226589228,1.4838207735859
300759.SZ,康龙化成,20250905,6.1543298E7,1.88744477864E9,31.096753246753,4.3359141304148
002821.SZ,凯莱英,20250905,1.1445384E7,1.21261645479E9,107.34070513667,3.6103386067607
603259.SH,药明康德,20250905,8.0229245E7,8.389785591E9,105.02886987272,3.2438396388664
300347.SZ,泰格医药,20250904,1.4579177E7,9.3226584394E8,62.248083543723,2.5748518573905
688293.SH,奥浦迈,20250904,2435900.0,1.26817166E8,50.503156098699,2.1452459090832
300759.SZ,康龙化成,20250904,6.0051032E7,1.82940122381E9,29.457467532468,4.2307794131343
002821.SZ,凯莱英,20250904,1.3387243E7,1.4029220914E9,100.84692460055,4.2228797426969
603259.SH,药明康德,20250904,1.02863435E8,1.0721558807E10,99.689413359634,4.158988257249
300347.SZ,泰格医药,20250903,1.2740589E7,8.5074762936E8,66.017672710581,2.2501358787879
688293.SH,奥浦迈,20250903,3401622.0,1.84226097E8,53.61500676883,2.9957369677522
300759.SZ,康龙化成,20250903,6.1935078E7,1.97708883738E9,31.653116883117,4.3635162332142
002821.SZ,凯莱英,20250903,9721747.0,1.07163803915E9,108.37177868744,3.066633545826
603259.SH,药明康德,20250903,7.1937192E7,7.947526856E9,108.43203995798,2.9085742352224
300347.SZ,泰格医药,20250902,1.6619157E7,1.10111661901E9,66.067535001148,2.9351360004556
688293.SH,奥浦迈,20250902,3454765.0,1.87884373E8,52.277109187723,3.0425388903871
300759.SZ,康龙化成,20250902,7.2754285E7,2.30431623893E9,31.42461038961,5.1257625546769
002821.SZ,凯莱英,20250902,1.2085212E7,1.3273895386E9,108.79808794401,3.8121663243879
603259.SH,药明康德,20250902,1.06125769E8,1.1920451242E10,109.52731308887,4.2908913848981
300347.SZ,泰格医药,20250901,1.7903676E7,1.16652814156E9,64.910729859995,3.1619969633895
688293.SH,奥浦迈,20250901,2873520.0,1.55112629E8,53.218592670724,3.7121117269257
300759.SZ,康龙化成,20250901,6.6404047E7,2.0520260789E9,31.136493506494,4.6783688079899
002821.SZ,凯莱英,20250901,1.4050455E7,1.53272485463E9,109.82916149478,4.4320837229274
603259.SH,药明康德,20250901,1.0124538E8,1.0930113474E10,109.11658566478,4.0935668395744
300347.SZ,泰格医药,20250831,,,63.335081478081,
688293.SH,奥浦迈,20250831,,,53.218592670724,
300759.SZ,康龙化成,20250831,,,30.063506493506,
002821.SZ,凯莱英,20250831,,,106.00229235442,
603259.SH,药明康德,20250831,,,101.01938787571,
300347.SZ,泰格医药,20250830,,,63.335081478081,
688293.SH,奥浦迈,20250830,,,53.218592670724,
300759.SZ,康龙化成,20250830,,,30.063506493506,
002821.SZ,凯莱英,20250830,,,106.00229235442,
603259.SH,药明康德,20250830,,,101.01938787571,
300347.SZ,泰格医药,20250829,1.7470305E7,1.11678172704E9,63.335081478081,3.085458615286
688293.SH,奥浦迈,20250829,3142839.0,1.67346144E8,53.218592670724,4.0600272515031
300759.SZ,康龙化成,20250829,5.0101941E7,1.50236318109E9,30.063506493506,3.5298354329842
002821.SZ,凯莱英,20250829,1.186867E7,1.25611718383E9,106.00229235442,3.7438601895666
603259.SH,药明康德,20250829,1.01659553E8,1.0179550325E10,101.01938787571,4.1103127380899
300347.SZ,泰格医药,20250828,1.8718655E7,1.17378554121E9,63.564448014689,3.3059317130591
688293.SH,奥浦迈,20250828,2808468.0,1.48659666E8,52.108633196028,3.6280753213812
300759.SZ,康龙化成,20250828,5.3301318E7,1.54654083901E9,29.248831168831,3.75524135684
002821.SZ,凯莱英,20250828,9028667.0,9.1678157303E8,102.61164663938,2.848007986249
603259.SH,药明康德,20250828,5.8306073E7,5.497000806E9,93.5773981203,2.3574389960174
300347.SZ,泰格医药,20250827,1.4114152E7,9.2557243495E8,63.704062428276,2.4927230455253
688293.SH,奥浦迈,20250827,2295699.0,1.27467091E8,52.90146139224,2.9656627339958
300759.SZ,康龙化成,20250827,4.6946255E7,1.42452835705E9,29.268701298701,3.3075076741021
002821.SZ,凯莱英,20250827,1.0203331E7,1.06621576902E9,101.80859897003,3.2185446837658
603259.SH,药明康德,20250827,6.2020093E7,6.036968428E9,93.293800613195,2.4956367315738
300347.SZ,泰格医药,20250826,1.3488549E7,8.9859881549E8,65.21987606151,2.382234295266
688293.SH,奥浦迈,20250826,2674704.0,1.49974022E8,55.89438783294,3.4552743967173
300759.SZ,康龙化成,20250826,5.2346919E7,1.61569255901E9,30.321818181818,3.6880010196362
002821.SZ,凯莱英,20250826,1.635394E7,1.71825981205E9,102.41336326423,5.158696375294
603259.SH,药明康德,20250826,6.7004694E7,6.517467608E9,94.662892026806,2.6962129117456
300347.SZ,泰格医药,20250825,1.4370203E7,9.7054723694E8,68.460924948359,2.5379446237349
688293.SH,奥浦迈,20250825,2779310.0,1.6201802E8,57.747623741585,3.5904080165657
300759.SZ,康龙化成,20250825,6.7659736E7,2.09682282191E9,31.613376623377,4.7668359499118
002821.SZ,凯莱英,20250825,1.0938217E7,1.1946879254E9,109.64079228839,3.4503575523745
603259.SH,药明康德,20250825,9.3311762E7,9.115287356E9,97.772685380579,3.754787351497
300347.SZ,泰格医药,20250824,,,66.237066789075,
688293.SH,奥浦迈,20250824,,,55.032187169559,
300759.SZ,康龙化成,20250824,,,29.904545454545,
002821.SZ,凯莱英,20250824,,,105.58589726661,
603259.SH,药明康德,20250824,,,91.924709199584,
300347.SZ,泰格医药,20250823,,,66.237066789075,
688293.SH,奥浦迈,20250823,,,55.032187169559,
300759.SZ,康龙化成,20250823,,,29.904545454545,
002821.SZ,凯莱英,20250823,,,105.58589726661,
603259.SH,药明康德,20250823,,,91.924709199584,
300347.SZ,泰格医药,20250822,8411499.0,5.5851099487E8,66.237066789075,1.48556834337
688293.SH,奥浦迈,20250822,1808159.0,1.00530816E8,55.032187169559,2.3358418344213
300759.SZ,康龙化成,20250822,3.5743114E7,1.06770491387E9,29.904545454545,2.5182120246079
002821.SZ,凯莱英,20250822,6444299.0,6.8382991572E8,105.58589726661,2.0327934364814
603259.SH,药明康德,20250822,5.801638E7,5.386515514E9,91.924709199584,2.3345306651014
300347.SZ,泰格医药,20250821,6584815.0,4.4024448202E8,66.51629561625,1.1629547493197
688293.SH,奥浦迈,20250821,2239000.0,1.24113681E8,55.864656775582,2.8924170204441
300759.SZ,康龙化成,20250821,3.3600261E7,1.00885634267E9,29.81512987013,2.367241457478
002821.SZ,凯莱英,20250821,5214014.0,5.5302029922E8,105.19924468507,1.6447116182726
603259.SH,药明康德,20250821,3.9717015E7,3.657657477E9,89.675487591509,1.5981795045433
300347.SZ,泰格医药,20250820,1.2765101E7,8.440510176E8,66.117397291714,2.2544649824628
688293.SH,奥浦迈,20250820,1500291.0,8.106186E7,53.674468883546,1.9381273890215
300759.SZ,康龙化成,20250820,4.3502233E7,1.29031420917E9,29.695909090909,3.0648657595388
002821.SZ,凯莱英,20250820,7575724.0,7.9099225784E8,104.53499537832,2.3896907986105
603259.SH,药明康德,20250820,8.2113831E7,7.441572793E9,89.783059059721,3.304191962657
300347.SZ,泰格医药,20250819,1.4296256E7,9.8340251192E8,66.815469359651,2.5248847253401
688293.SH,奥浦迈,20250819,1231413.0,7.0590374E7,55.716001488792,1.5907815633748
300759.SZ,康龙化成,20250819,6.3057276E7,1.94798457654E9,29.79525974026,4.4425785246976
002821.SZ,凯莱英,20250819,1.1356062E7,1.21134689348E9,103.66254852766,3.5821628229659
603259.SH,药明康德,20250819,1.31165425E8,1.2319742559E10,88.267279280366,5.2779871281793
300347.SZ,泰格医药,20250818,1.6789346E7,1.14240763596E9,69.308583887996,2.9651933529905
688293.SH,奥浦迈,20250818,1424108.0,7.9428933E7,56.340353693309,1.8397115757707
300759.SZ,康龙化成,20250818,5.4049808E7,1.64785239318E9,30.739090909091,3.8079747733605
002821.SZ,凯莱英,20250818,1.1641265E7,1.25406596476E9,106.88465337383,3.6721274236873
603259.SH,药明康德,20250818,6.2711456E7,6.114490532E9,94.838918065698,2.5234566011385
300347.SZ,泰格医药,20250817,,,69.667592380078,
688293.SH,奥浦迈,20250817,,,55.795284308413,
300759.SZ,康龙化成,20250817,,,30.033701298701,
002821.SZ,凯莱英,20250817,,,108.16358114354,
603259.SH,药明康德,20250817,,,95.640814465099,
300347.SZ,泰格医药,20250816,,,69.667592380078,
688293.SH,奥浦迈,20250816,,,55.795284308413,
300759.SZ,康龙化成,20250816,,,30.033701298701,
002821.SZ,凯莱英,20250816,,,108.16358114354,
603259.SH,药明康德,20250816,,,95.640814465099,
300347.SZ,泰格医药,20250815,9580500.0,6.6337706996E8,69.667592380078,1.6920274868554
688293.SH,奥浦迈,20250815,1153008.0,6.5215392E7,55.795284308413,1.4894952942868
300759.SZ,康龙化成,20250815,4.402811E7,1.32997776898E9,30.033701298701,3.1019154073358
002821.SZ,凯莱英,20250815,7335904.0,8.0008910563E8,108.16358114354,2.3140418378877
603259.SH,药明康德,20250815,5.4792951E7,5.361910476E9,95.640814465099,2.2048225749504
300347.SZ,泰格医药,20250814,1.2489041E7,8.6496738823E8,68.720208859307,2.2057095826381
688293.SH,奥浦迈,20250814,1214981.0,6.9193347E7,55.309677038233,1.5695541419903
300759.SZ,康龙化成,20250814,6.0503376E7,1.8474706199E9,29.974090909091,4.262648435516
002821.SZ,凯莱英,20250814,1.1795946E7,1.29157755415E9,107.52907434306,3.7209200885758
603259.SH,药明康德,20250814,8.076315E7,8.010471657E9,96.501386210797,3.2498416875577
300347.SZ,泰格医药,20250813,2.1268138E7,1.45045274396E9,68.809960982327,3.7561999989806
688293.SH,奥浦迈,20250813,1851223.0,1.04559822E8,57.143092241973,2.3914733871539
300759.SZ,康龙化成,20250813,9.0346596E7,2.72550469325E9,30.63974025974,6.3651948296836
002821.SZ,凯莱英,20250813,1.4847488E7,1.57374067294E9,106.87473920507,4.6835002774757
603259.SH,药明康德,20250813,1.03105177E8,9.861040638E9,95.953749645353,4.1488661898107
300347.SZ,泰格医药,20250812,1.1941661E7,8.0622808527E8,66.835414275878,2.1090359219987
688293.SH,奥浦迈,20250812,1104761.0,6.0533631E7,54.606042014095,1.4271681643246
300759.SZ,康龙化成,20250812,3.7144049E7,1.07015479088E9,28.771948051948,2.6169121927772
002821.SZ,凯莱英,20250812,9025793.0,9.1161729878E8,100.34130199393,2.8471014100122
603259.SH,药明康德,20250812,3.7173126E7,3.381474977E9,89.47990310385,1.4958155363137
300347.SZ,泰格医药,20250811,1.116915E7,7.4487804562E8,66.705772320404,1.9726015139931
688293.SH,奥浦迈,20250811,1150008.0,6.3583758E7,55.398870210307,1.4856197913564
300759.SZ,康龙化成,20250811,4.4692573E7,1.28899104359E9,28.821623376623,3.1487288639503
002821.SZ,凯莱英,20250811,9344621.0,9.2784389875E8,98.963232536643,2.9476727003521
603259.SH,药明康德,20250811,4.0431874E7,3.691080442E9,89.215864045511,1.6269448335197
300347.SZ,泰格医药,20250810,,,65.060316731696,
688293.SH,奥浦迈,20250810,,,53.91231734241,
300759.SZ,康龙化成,20250810,,,28.215584415584,
002821.SZ,凯莱英,20250810,,,97.059712135217,
603259.SH,药明康德,20250810,,,88.658448255684,
300347.SZ,泰格医药,20250809,,,65.060316731696,
688293.SH,奥浦迈,20250809,,,53.91231734241,
300759.SZ,康龙化成,20250809,,,28.215584415584,
002821.SZ,凯莱英,20250809,,,97.059712135217,
603259.SH,药明康德,20250809,,,88.658448255684,
300347.SZ,泰格医药,20250808,7848622.0,5.0680997249E8,65.060316731696,1.3861577326797
688293.SH,奥浦迈,20250808,1037174.0,5.6780446E7,53.91231734241,1.339856958804
300759.SZ,康龙化成,20250808,3.8635498E7,1.09964776636E9,28.215584415584,2.7219893499015
002821.SZ,凯莱英,20250808,1.9716196E7,1.95684241639E9,97.059712135217,6.2192883696398
603259.SH,药明康德,20250808,4.2206329E7,3.821372279E9,88.658448255684,1.698347420364
300347.SZ,泰格医药,20250807,1.1610326E7,7.5152364499E8,64.491886619233,2.0505183156779
688293.SH,奥浦迈,20250807,1625144.0,9.0791523E7,54.77451800579,2.0994167781477
300759.SZ,康龙化成,20250807,4.0820729E7,1.18390448355E9,28.712337662338,2.8759455771274
002821.SZ,凯莱英,20250807,8962511.0,9.732126929E8,106.27988907962,2.8271396990103
603259.SH,药明康德,20250807,5.8367873E7,5.338845804E9,89.196305596745,2.3486744497889
300347.SZ,泰格医药,20250806,9222715.0,6.1174387084E8,65.818223548313,1.628838503568
688293.SH,奥浦迈,20250806,1482504.0,8.6611973E7,57.09354047971,1.9151495321467
300759.SZ,康龙化成,20250806,4.0114767E7,1.18467240028E9,29.248831168831,2.8262083886632
002821.SZ,凯莱英,20250806,7993041.0,8.8368385578E8,108.83774461904,2.5213295165738
603259.SH,药明康德,20250806,5.2525501E7,4.949859579E9,91.513981775501,2.1135822811474
300347.SZ,泰格医药,20250805,1.2507502E7,8.3488358715E8,66.715744778517,2.2089700094879
688293.SH,奥浦迈,20250805,1864946.0,1.09560542E8,58.808031454018,2.4092012293922
300759.SZ,康龙化成,20250805,3.8106444E7,1.13685090935E9,29.616428571429,2.684715872709
002821.SZ,凯莱英,20250805,6697679.0,7.3953845046E8,109.44250891324,2.1127197715158
603259.SH,药明康德,20250805,4.8498304E7,4.524512868E9,91.230384268396,1.9515312381333
300347.SZ,泰格医药,20250804,1.8485032E7,1.20640593362E9,65.997727794354,3.2646711799386
688293.SH,奥浦迈,20250804,2080126.0,1.19385065E8,56.489008980099,2.687178136252
300759.SZ,康龙化成,20250804,5.2611423E7,1.54795726266E9,29.616428571429,3.7066361378119
002821.SZ,凯莱英,20250804,1.0873677E7,1.18503101291E9,109.13516968176,3.4299990171187
603259.SH,药明康德,20250804,6.3916807E7,5.820856353E9,89.822175957253,2.5719589184446
300347.SZ,泰格医药,20250803,,,66.825441817765,
688293.SH,奥浦迈,20250803,,,60.453149961158,
300759.SZ,康龙化成,20250803,,,29.904545454545,
002821.SZ,凯莱英,20250803,,,110.39426911396,
603259.SH,药明康德,20250803,,,90.946786761291,
300347.SZ,泰格医药,20250802,,,66.825441817765,
688293.SH,奥浦迈,20250802,,,60.453149961158,
300759.SZ,康龙化成,20250802,,,29.904545454545,
002821.SZ,凯莱英,20250802,,,110.39426911396,
603259.SH,药明康德,20250802,,,90.946786761291,
300347.SZ,泰格医药,20250801,1.8072508E7,1.21923236889E9,66.825441817765,3.1918146539757
688293.SH,奥浦迈,20250801,1469516.0,8.9685368E7,60.453149961158,1.8983711881264
300759.SZ,康龙化成,20250801,6.121895E7,1.87001530785E9,29.904545454545,4.3130628188654
002821.SZ,凯莱英,20250801,1.2117916E7,1.36041392268E9,110.39426911396,3.822482493229
603259.SH,药明康德,20250801,8.9326337E7,8.3976912E9,90.946786761291,3.5944171788671
300347.SZ,泰格医药,20250731,2.5550124E7,1.74922990296E9,67.922412210236,4.5124484213312
688293.SH,奥浦迈,20250731,2598565.0,1.57654903E8,59.957632338526,3.3569154241761
300759.SZ,康龙化成,20250731,7.3299791E7,2.31672146214E9,30.898051948052,5.1641951257365
002821.SZ,凯莱英,20250731,1.0518019E7,1.20828942987E9,113.25946388485,3.3178100500903
603259.SH,药明康德,20250731,9.835407E7,9.498644788E9,94.14459313451,3.9576856131412
300347.SZ,泰格医药,20250730,3.0454715E7,2.1013130319E9,67.553431260041,5.3786561123477
688293.SH,奥浦迈,20250730,1581376.0,9.2771136E7,56.895333430657,2.0428757740607
300759.SZ,康龙化成,20250730,9.5229926E7,3.10785655895E9,31.971038961039,6.7092404079767
002821.SZ,凯莱英,20250730,1.5834264E7,1.86216531289E9,112.9917813284,4.9947694746494
603259.SH,药明康德,20250730,9.2913994E7,9.295907432E9,96.667633025307,3.738781499467
300347.SZ,泰格医药,20250729,3.1997546E7,2.14371235066E9,68.540704613266,5.6511379723313
688293.SH,奥浦迈,20250729,2947781.0,1.73077547E8,58.431438060818,3.8080446346323
300759.SZ,康龙化成,20250729,1.07042708E8,3.40402196275E9,32.626753246753,7.541487136017
002821.SZ,凯莱英,20250729,1.5413426E7,1.87493946424E9,121.83521986003,4.8620200903918
603259.SH,药明康德,20250729,9.4014709E7,9.014449996E9,96.51116543518,3.7830733515446
300347.SZ,泰格医药,20250728,1.665532E7,1.04211445898E9,62.996017902226,2.9415228059467
688293.SH,奥浦迈,20250728,1622360.0,9.0635375E7,55.864656775582,2.0958203114282
300759.SZ,康龙化成,20250728,6.7587197E7,2.0680110124E9,30.63974025974,4.7617253548457
002821.SZ,凯莱英,20250728,1.0444367E7,1.20356585648E9,117.00701967516,3.2945772202381
603259.SH,药明康德,20250728,5.3268026E7,4.810498762E9,89.597253796446,2.1434608668521
300347.SZ,泰格医药,20250727,,,61.829240302961,
688293.SH,奥浦迈,20250727,,,55.200663161254,
300759.SZ,康龙化成,20250727,,,29.805194805195,
002821.SZ,凯莱英,20250727,,,113.49740393503,
603259.SH,药明康德,20250727,,,86.917746315522,
300347.SZ,泰格医药,20250726,,,61.829240302961,
688293.SH,奥浦迈,20250726,,,55.200663161254,
300759.SZ,康龙化成,20250726,,,29.805194805195,
002821.SZ,凯莱英,20250726,,,113.49740393503,
603259.SH,药明康德,20250726,,,86.917746315522,
300347.SZ,泰格医药,20250725,2.3507516E7,1.46000108858E9,61.829240302961,4.1517001429667
688293.SH,奥浦迈,20250725,2022192.0,1.10210484E8,55.200663161254,2.6123370073273
300759.SZ,康龙化成,20250725,9.4283809E7,2.82271217931E9,29.805194805195,6.6425835630783
002821.SZ,凯莱英,20250725,1.3791183E7,1.58936601977E9,113.49740393503,4.3502988119754
603259.SH,药明康德,20250725,6.1094107E7,5.449205071E9,86.917746315522,2.4583758284899
300347.SZ,泰格医药,20250724,1.8780687E7,1.11147145562E9,59.834748680285,3.3168872841739
688293.SH,奥浦迈,20250724,1862417.0,9.9609686E7,52.841999277524,2.4059341804218
300759.SZ,康龙化成,20250724,5.9211772E7,1.6506828923E9,27.768506493506,4.1716509716736
002821.SZ,凯莱英,20250724,1.3139558E7,1.41916196826E9,112.23830450284,4.1447498417853
603259.SH,药明康德,20250724,4.7977765E7,4.117033257E9,85.07925213153,1.9305851836245
300347.SZ,泰格医药,20250723,1.7659299E7,1.03528853384E9,57.421413816846,3.118837149063
688293.SH,奥浦迈,20250723,2044664.0,1.09816399E8,53.307785842798,2.6413671079452
300759.SZ,康龙化成,20250723,8.9104154E7,2.4505321204E9,27.013441558442,6.2776609795473
002821.SZ,凯莱英,20250723,1.1171115E7,1.14907911579E9,102.03662485145,3.5238230333787
603259.SH,药明康德,20250723,4.8992806E7,4.130062193E9,82.204160162947,1.971429585513
300347.SZ,泰格医药,20250722,1.183934E7,6.8314144503E8,57.042460408538,2.0909648459085
688293.SH,奥浦迈,20250722,1436773.0,7.5910109E7,51.841053679806,1.8560726573089
300759.SZ,康龙化成,20250722,3.9425242E7,1.03733629697E9,25.851038961039,2.77762923727
002821.SZ,凯莱英,20250722,8619309.0,8.5272546863E8,97.277823847881,2.7188798598894
603259.SH,药明康德,20250722,4.5281369E7,3.790521204E9,80.952419441931,1.8220844611172
300347.SZ,泰格医药,20250721,1.1759688E7,6.7913046297E8,57.810339683268,2.0768973783042
688293.SH,奥浦迈,20250721,1990569.0,1.04868681E8,51.811322622448,2.5714853309372
300759.SZ,康龙化成,20250721,2.7638652E7,7.1759869295E8,25.910649350649,1.9472278159746
002821.SZ,凯莱英,20250721,6691841.0,6.4427174341E8,95.770870196752,2.1108782293896
603259.SH,药明康德,20250721,4.9675278E7,4.09091157E9,80.932860993166,1.9988916886651
300347.SZ,泰格医药,20250720,,,58.358824879504,
688293.SH,奥浦迈,20250720,,,54.179896858631,
300759.SZ,康龙化成,20250720,,,26.119285714286,
002821.SZ,凯莱英,20250720,,,97.466193054272,
603259.SH,药明康德,20250720,,,80.776393403039,
300347.SZ,泰格医药,20250719,,,58.358824879504,
688293.SH,奥浦迈,20250719,,,54.179896858631,
300759.SZ,康龙化成,20250719,,,26.119285714286,
002821.SZ,凯莱英,20250719,,,97.466193054272,
603259.SH,药明康德,20250719,,,80.776393403039,
300347.SZ,泰格医药,20250718,1.0108438E7,5.9047655E8,58.358824879504,1.7852674646598
688293.SH,奥浦迈,20250718,1428359.0,7.6833003E7,54.179896858631,1.8452031634232
300759.SZ,康龙化成,20250718,3.0732791E7,8.0774588258E8,26.119285714286,2.1652193999091
002821.SZ,凯莱英,20250718,7804040.0,7.612311406E8,97.466193054272,2.4617109308613
603259.SH,药明康德,20250718,4.1579552E7,3.423582419E9,80.776393403039,1.6731264374851
300347.SZ,泰格医药,20250717,1.3665287E7,7.9128703723E8,58.069623594216,2.4134482772055
688293.SH,奥浦迈,20250717,1952566.0,1.04382926E8,53.545634301662,2.5223917516483
300759.SZ,康龙化成,20250717,4.7792024E7,1.25792793697E9,26.238506493506,3.3670946945794
002821.SZ,凯莱英,20250717,7843612.0,7.572043271E8,96.564003697346,2.4741935456295
603259.SH,药明康德,20250717,4.15837E7,3.334038702E9,79.231275950535,1.6732933495399
300347.SZ,泰格医药,20250716,1.1557035E7,6.5816148747E8,56.493975212302,2.0411065066071
688293.SH,奥浦迈,20250716,1506496.0,8.0222898E7,52.475316236776,1.946143220916
300759.SZ,康龙化成,20250716,3.8687028E7,1.00651080899E9,25.761623376623,2.7256197964716
002821.SZ,凯莱英,20250716,5760250.0,5.5343675692E8,95.166105902549,1.8170166208135
603259.SH,药明康德,20250716,3.1624768E7,2.50028702E9,77.070067361907,1.2725542454169
300347.SZ,泰格医药,20250715,1.30368E7,7.4525806013E8,57.152157447785,2.3024501790759
688293.SH,奥浦迈,20250715,3607820.0,1.91279739E8,54.407834965042,4.6607056608748
300759.SZ,康龙化成,20250715,3.6748764E7,9.6947252289E8,26.337857142857,2.589063151976
002821.SZ,凯莱英,20250715,7912438.0,7.65528083E8,96.692887891192,2.495904059226
603259.SH,药明康德,20250715,4.521648E7,3.6114059E9,78.312028858539,1.8194733819646
300347.SZ,泰格医药,20250714,1.5911946E7,9.3550053583E8,57.989843929309,2.8102343302916
688293.SH,奥浦迈,20250714,3906256.0,2.12269196E8,54.685324833716,5.0462355250611
300759.SZ,康龙化成,20250714,4.5930586E7,1.21916547565E9,26.337857142857,3.2359506774504
002821.SZ,凯莱英,20250714,1.0725708E7,1.0456126837E9,96.167436947049,3.3833235894263
603259.SH,药明康德,20250714,7.803008E7,6.108719157E9,76.864703649865,3.1398652339273
300347.SZ,泰格医药,20250713,,,59.346098232729,
688293.SH,奥浦迈,20250713,,,52.495136941681,
300759.SZ,康龙化成,20250713,,,26.854480519481,
002821.SZ,凯莱英,20250713,,,96.66314538492,
603259.SH,药明康德,20250713,,,75.446716114339,
300347.SZ,泰格医药,20250712,,,59.346098232729,
688293.SH,奥浦迈,20250712,,,52.495136941681,
300759.SZ,康龙化成,20250712,,,26.854480519481,
002821.SZ,凯莱英,20250712,,,96.66314538492,
603259.SH,药明康德,20250712,,,75.446716114339,
300347.SZ,泰格医药,20250711,2.0396218E7,1.20621707497E9,59.346098232729,3.60220880788
688293.SH,奥浦迈,20250711,3564541.0,1.82578887E8,52.495136941681,4.6047963637655
300759.SZ,康龙化成,20250711,9.0320743E7,2.3974639337E9,26.854480519481,6.3633734065285
002821.SZ,凯莱英,20250711,1.2307891E7,1.18055883694E9,96.66314538492,3.8824083180698
603259.SH,药明康德,20250711,8.1113216E7,6.1875259E9,75.446716114339,3.2639280509573
300347.SZ,泰格医药,20250710,1.1606667E7,6.7070073511E8,57.720587560248,2.0498720938132
688293.SH,奥浦迈,20250710,1416893.0,6.6922702E7,46.271435601418,1.8303909912229
300759.SZ,康龙化成,20250710,2.7077844E7,6.8256108719E8,24.937012987013,1.9077171720756
002821.SZ,凯莱英,20250710,4714632.0,4.2367084864E8,87.879191865839,1.4871862688285
603259.SH,药明康德,20250710,2.9862153E7,2.110353015E9,68.591479821902,1.2016280902816
300347.SZ,泰格医药,20250709,1.7837998E7,1.02640412034E9,57.421413816846,3.150397466361
688293.SH,奥浦迈,20250709,2917910.0,1.34176229E8,46.449821945565,3.7694562519536
300759.SZ,康龙化成,20250709,4.2743544E7,1.0747523433E9,24.837662337662,3.0114137921826
002821.SZ,凯莱英,20250709,4425455.0,3.9062466206E8,87.512367621814,1.3959681072284
603259.SH,药明康德,20250709,2.3089854E7,1.614224839E9,68.161193949053,0.9291164360085
300347.SZ,泰格医药,20250708,1.9641079E7,1.09666714746E9,56.264608675694,3.4688424966858
688293.SH,奥浦迈,20250708,1825633.0,7.9981944E7,44.398378987867,2.358415347157
300759.SZ,康龙化成,20250708,3.7943584E7,9.3829023818E8,24.698571428571,2.67324188613
002821.SZ,凯莱英,20250708,3159564.0,2.7739363361E8,87.016659183943,0.99665471160524
603259.SH,药明康德,20250708,1.9888448E7,1.39723919E9,68.845739655859,0.80029453297974
300347.SZ,泰格医药,20250707,5953595.0,3.1630249209E8,52.844055542805,1.0514739716721
688293.SH,奥浦迈,20250707,560866.0,2.4221386E7,42.337025677716,0.72454594220116
300759.SZ,康龙化成,20250707,1.8795472E7,4.5292630693E8,23.784545454545,1.324198658197
002821.SZ,凯莱英,20250707,3492000.0,3.036228094E8,85.67824640169,1.1015185174048
603259.SH,药明康德,20250707,2.1036866E7,1.467087581E9,68.298103090414,0.84650591392689
300347.SZ,泰格医药,20250706,,,53.611934817535,
688293.SH,奥浦迈,20250706,,,43.615461144108,
300759.SZ,康龙化成,20250706,,,24.281298701299,
002821.SZ,凯莱英,20250706,,,88.275758616136,
603259.SH,药明康德,20250706,,,69.256467079942,
300347.SZ,泰格医药,20250705,,,53.611934817535,
688293.SH,奥浦迈,20250705,,,43.615461144108,
300759.SZ,康龙化成,20250705,,,24.281298701299,
002821.SZ,凯莱英,20250705,,,88.275758616136,
603259.SH,药明康德,20250705,,,69.256467079942,
300347.SZ,泰格医药,20250704,8535043.0,4.6012659514E8,53.611934817535,1.5073876475646
688293.SH,奥浦迈,20250704,821299.0,3.6260461E7,43.615461144108,1.0609822270986
300759.SZ,康龙化成,20250704,2.2366045E7,5.4541072425E8,24.281298701299,1.5757564789101
002821.SZ,凯莱英,20250704,4378050.0,3.883740468E8,88.275758616136,1.38101464637
603259.SH,药明康德,20250704,2.3136591E7,1.637993621E9,69.256467079942,0.93099709384504
300347.SZ,泰格医药,20250703,9059009.0,4.8738260598E8,53.970943309617,1.5999261240718
688293.SH,奥浦迈,20250703,1515818.0,6.7764444E7,44.120889119193,1.9581857003553
300759.SZ,康龙化成,20250703,1.77398E7,4.357173565E8,24.231623376623,1.2498233274845
002821.SZ,凯莱英,20250703,3657017.0,3.2639886153E8,88.364986134953,1.1535715761638
603259.SH,药明康德,20250703,2.2708099E7,1.602986685E9,69.158674836113,0.91375493372146
300347.SZ,泰格医药,20250702,6687891.0,3.5996701278E8,53.651824649989,1.1811591671721
688293.SH,奥浦迈,20250702,923041.0,4.0432516E7,42.822632947896,1.1924160334827
300759.SZ,康龙化成,20250702,2.08809E7,5.134211015E8,24.142935043809,1.4711234579235
002821.SZ,凯莱英,20250702,3004450.0,2.6554168334E8,87.670994321933,0.9477254609441
603259.SH,药明康德,20250702,2.1889138E7,1.541968347E9,68.6501551682,0.88080062723039
300347.SZ,泰格医药,20250701,1.1380137E7,6.1120181208E8,53.931053477163,2.0098642668107
688293.SH,奥浦迈,20250701,870764.0,3.9078681E7,44.93353802031,1.1248828112506
300759.SZ,康龙化成,20250701,2.9684893E7,7.3030507502E8,24.418854301453,2.0913917713437
002821.SZ,凯莱英,20250701,5939917.0,5.3254138682E8,88.771467054008,1.8736908841201
603259.SH,药明康德,20250701,3.4360885E7,2.427370173E9,69.139116387347,1.3826533077818
300347.SZ,泰格医药,20250630,1.6604337E7,8.7356678521E8,53.173146660546,2.9325186164616
688293.SH,奥浦迈,20250630,2231626.0,9.6866205E7,44.606496389373,2.882891034241
300759.SZ,康龙化成,20250630,3.406758E7,8.2550299712E8,24.182352080616,2.4001655145461
002821.SZ,凯莱英,20250630,6483258.0,5.62591629E8,87.492539284299,2.045082686172
603259.SH,药明康德,20250630,4.6834337E7,3.197226438E9,68.014505583309,1.8845745961088
300347.SZ,泰格医药,20250629,,,50.360913472573,
688293.SH,奥浦迈,20250629,,,39.91889967927,
300759.SZ,康龙化成,20250629,,,23.443282640499,
002821.SZ,凯莱英,20250629,,,82.644510761917,
603259.SH,药明康德,20250629,,,64.376634112858,
300347.SZ,泰格医药,20250628,,,50.360913472573,
688293.SH,奥浦迈,20250628,,,39.91889967927,
300759.SZ,康龙化成,20250628,,,23.443282640499,
002821.SZ,凯莱英,20250628,,,82.644510761917,
603259.SH,药明康德,20250628,,,64.376634112858,
300347.SZ,泰格医药,20250627,8689499.0,4.3801832463E8,50.360913472573,1.5346663697096
688293.SH,奥浦迈,20250627,446344.0,1.7863203E7,39.91889967927,0.57660249333323
300759.SZ,康龙化成,20250627,3.1297786E7,7.4779720064E8,23.443282640499,2.2050250308019
002821.SZ,凯莱英,20250627,2561245.0,2.132714567E8,82.644510761917,0.80792061715647
603259.SH,药明康德,20250627,1.9691383E7,1.298425976E9,64.376634112858,0.79236480200517
300347.SZ,泰格医药,20250626,8099340.0,4.0852640578E8,49.573089281616,1.4304374411969
688293.SH,奥浦迈,20250626,377534.0,1.493037E7,39.026967958531,0.48771137445125
300759.SZ,康龙化成,20250626,2.5984508E7,6.1059792012E8,22.94071542122,1.8306882970275
002821.SZ,凯莱英,20250626,3236440.0,2.688459774E8,81.94060478014,1.0209045218985
603259.SH,药明康德,20250626,3.156773E7,2.090934201E9,64.229945747114,1.2702590839456
300347.SZ,泰格医药,20250625,9049768.0,4.6222359318E8,51.029068166169,1.5982940562251
688293.SH,奥浦迈,20250625,491279.0,1.994597E7,40.186479195491,0.63465106806019
300759.SZ,康龙化成,20250625,2.1801721E7,5.1604742674E8,23.541825232515,1.5359981220256
002821.SZ,凯莱英,20250625,3419360.0,2.914704892E8,83.814382675294,1.078604913423
603259.SH,药明康德,20250625,2.4862764E7,1.670588396E9,66.312920540679,1.0004568533435
300347.SZ,泰格医药,20250624,9991857.0,5.0400043316E8,50.759811797108,1.7646779070746
688293.SH,奥浦迈,20250624,653449.0,2.5681914E7,39.443202761543,0.84414783813853
300759.SZ,康龙化成,20250624,1.8979001E7,4.4799105424E8,23.38415708529,1.3371288392289
002821.SZ,凯莱英,20250624,4689936.0,3.9963452692E8,83.452270092507,1.4793961481796
603259.SH,药明康德,20250624,2.9053135E7,1.928100907E9,65.364335775534,1.1690738818043
300347.SZ,泰格医药,20250623,1.0613853E7,5.2124813487E8,49.82240073445,1.8745296192727
688293.SH,奥浦迈,20250623,445319.0,1.6988629E7,38.144946590246,0.57527836316532
300759.SZ,康龙化成,20250623,1.637587E7,3.7940268203E8,23.009695235631,1.1537302750794
002821.SZ,凯莱英,20250623,4930120.0,4.119940308E8,82.757405406619,1.5551599292748
603259.SH,药明康德,20250623,2.5850252E7,1.671689484E9,63.828997547413,1.0336311789246
300347.SZ,泰格医药,20250622,,,48.31655955933,
688293.SH,奥浦迈,20250622,,,37.659339320066,
300759.SZ,康龙化成,20250622,,,22.75348449639,
002821.SZ,凯莱英,20250622,,,81.034923931741,
603259.SH,药明康德,20250622,,,63.828997547413,
300347.SZ,泰格医药,20250621,,,48.31655955933,
688293.SH,奥浦迈,20250621,,,37.659339320066,
300759.SZ,康龙化成,20250621,,,22.75348449639,
002821.SZ,凯莱英,20250621,,,81.034923931741,
603259.SH,药明康德,20250621,,,63.828997547413,
300347.SZ,泰格医药,20250620,5401431.0,2.6363063133E8,48.31655955933,0.95395540111192
688293.SH,奥浦迈,20250620,516037.0,1.9289691E7,37.659339320066,0.66663430191108
300759.SZ,康龙化成,20250620,1.4339147E7,3.3315047354E8,22.75348449639,1.0102368920072
002821.SZ,凯莱英,20250620,4092212.0,3.398377998E8,81.034923931741,1.290849740878
603259.SH,药明康德,20250620,2.1099073E7,1.376564163E9,63.828997547413,0.8436536595158
300347.SZ,泰格医药,20250619,8263983.0,4.0639979796E8,48.555898554051,1.4595153057675
688293.SH,奥浦迈,20250619,351397.0,1.3002315E7,36.380903853674,0.45394670108664
300759.SZ,康龙化成,20250619,2.3537751E7,5.5191395695E8,22.911152643615,1.658306760861
002821.SZ,凯莱英,20250619,5732425.0,4.7785755687E8,80.888121533314,1.8082394865791
603259.SH,药明康德,20250619,2.5325873E7,1.653303302E9,63.496503918393,1.0126637050302
300347.SZ,泰格医药,20250618,1.185351E7,5.8957471922E8,49.463392242369,2.093467432359
688293.SH,奥浦迈,20250618,329711.0,1.2294003E7,36.876421476306,0.42593198223655
300759.SZ,康龙化成,20250618,2.3399093E7,5.568405212E8,23.453136899701,1.6485378794225
002821.SZ,凯莱英,20250618,5231686.0,4.4643607798E8,83.315254520642,1.6502860842633
603259.SH,药明康德,20250618,3.4024258E7,2.240627362E9,64.249504195879,1.3604716081133
300347.SZ,泰格医药,20250617,1.5752897E7,8.1344303206E8,50.47061051182,2.7821444310424
688293.SH,奥浦迈,20250617,401305.0,1.5276627E7,37.431401213655,0.51841956783802
300759.SZ,康龙化成,20250617,3.2571932E7,8.0202542219E8,23.896578563771,2.2947925249913
002821.SZ,凯莱英,20250617,9050890.0,8.002122721E8,84.558181493991,2.855018022335
603259.SH,药明康德,20250617,3.658084E7,2.470413663E9,65.031842146514,1.4626974149131
300347.SZ,泰格医药,20250616,1.1305806E7,5.9165641402E8,51.328241909571,1.9967365495595
688293.SH,奥浦迈,20250616,420014.0,1.6228934E7,38.42243645892,0.54258849594677
300759.SZ,康龙化成,20250616,2.9489033E7,7.3034303247E8,24.320311709437,2.077592833536
002821.SZ,凯莱英,20250616,5137813.0,4.747250026E8,89.940936102983,1.6206747303731
603259.SH,药明康德,20250616,3.2435887E7,2.211286826E9,66.948570125569,1.2969600497231
300347.SZ,泰格医药,20250615,,,52.052012753573,
688293.SH,奥浦迈,20250615,,,38.27378117213,
300759.SZ,康龙化成,20250615,,,24.477979856662,
002821.SZ,凯莱英,20250615,,,89.539676213949,
603259.SH,药明康德,20250615,,,66.762764862294,
300347.SZ,泰格医药,20250614,,,52.052012753573,
688293.SH,奥浦迈,20250614,,,38.27378117213,
300759.SZ,康龙化成,20250614,,,24.477979856662,
002821.SZ,凯莱英,20250614,,,89.539676213949,
603259.SH,药明康德,20250614,,,66.762764862294,
300347.SZ,泰格医药,20250613,1.9490708E7,1.03169612215E9,52.052012753573,3.4422852329495
688293.SH,奥浦迈,20250613,1081256.0,4.2486352E7,38.27378117213,1.3968035988644
300759.SZ,康龙化成,20250613,5.2618571E7,1.31717654186E9,24.477979856662,3.7071397363387
002821.SZ,凯莱英,20250613,8302679.0,7.6906963493E8,89.539676213949,2.6190019079518
603259.SH,药明康德,20250613,5.6161546E7,3.834962056E9,66.762764862294,2.2456386499523
300347.SZ,泰格医药,20250612,1.6236465E7,8.6239236118E8,53.15254102322,2.8675481519091
688293.SH,奥浦迈,20250612,471361.0,1.9310253E7,40.672086465671,0.60892031227046
300759.SZ,康龙化成,20250612,3.94493E7,1.00002342387E9,25.09879818636,2.7793241971688
002821.SZ,凯莱英,20250612,5716152.0,5.3553083452E8,92.368069090311,1.8031063219646
603259.SH,药明康德,20250612,4.7755525E7,3.194078454E9,66.215128296849,1.9095210215325
300347.SZ,泰格医药,20250611,1.2998454E7,6.8461524112E8,52.111500768148,2.2956778304499
688293.SH,奥浦迈,20250611,412155.0,1.6897985E7,40.345044834734,0.53243597010323
300759.SZ,康龙化成,20250611,2.8739979E7,7.2293976497E8,24.694773559096,2.0248196814854
002821.SZ,凯莱英,20250611,5425914.0,5.0650364527E8,90.234540899838,1.7115534779055
603259.SH,药明康德,20250611,2.5372423E7,1.653442731E9,63.613854610989,1.0145250227218
300347.SZ,泰格医药,20250610,1.9158878E7,1.01530283426E9,52.518002201081,3.3836802038838
688293.SH,奥浦迈,20250610,663760.0,2.7483341E7,40.880203867177,0.85746794171058
300759.SZ,康龙化成,20250610,6.2550789E7,1.58421373715E9,24.822878928717,4.4068949618802
002821.SZ,凯莱英,20250610,6046268.0,5.772071122E8,92.407216396558,1.9072383056105
603259.SH,药明康德,20250610,3.5314261E7,2.308557596E9,63.467166245245,1.4120528198441
300347.SZ,泰格医药,20250609,1.7017241E7,8.9336697147E8,51.655425989736,3.0054422548346
688293.SH,奥浦迈,20250609,953580.0,3.9817494E7,41.177514440756,1.2318673614806
300759.SZ,康龙化成,20250609,3.5202506E7,8.6502025032E8,24.152789303011,2.4801245326731
002821.SZ,凯莱英,20250609,6095437.0,5.6955918026E8,91.428533740378,1.9227482036581
603259.SH,药明康德,20250609,3.3232837E7,2.162575984E9,63.369374001415,1.3288263683974
300347.SZ,泰格医药,20250608,,,49.603089486881,
688293.SH,奥浦迈,20250608,,,40.830652104913,
300759.SZ,康龙化成,20250608,,,23.453136899701,
002821.SZ,凯莱英,20250608,,,88.698009129634,
603259.SH,药明康德,20250608,,,62.587036050781,
300347.SZ,泰格医药,20250607,,,49.603089486881,
688293.SH,奥浦迈,20250607,,,40.830652104913,
300759.SZ,康龙化成,20250607,,,23.453136899701,
002821.SZ,凯莱英,20250607,,,88.698009129634,
603259.SH,药明康德,20250607,,,62.587036050781,
300347.SZ,泰格医药,20250606,1.0601605E7,5.3286872E8,49.603089486881,1.8723664803281
688293.SH,奥浦迈,20250606,1006954.0,4.1960395E7,40.830652104913,1.300817725951
300759.SZ,康龙化成,20250606,1.7402788E7,4.1404390078E8,23.453136899701,1.2260797982879
002821.SZ,凯莱英,20250606,3380220.0,3.0702821628E8,88.698009129634,1.0662585689868
603259.SH,药明康德,20250606,2.0756394E7,1.327950256E9,62.587036050781,0.82995152234659
300347.SZ,泰格医药,20250605,1.6577638E7,8.4958873745E8,51.169607204036,2.9278032632053
688293.SH,奥浦迈,20250605,557512.0,2.3617609E7,41.930701227157,0.72021312992489
300759.SZ,康龙化成,20250605,2.647566E7,6.3632942905E8,23.778327453352,1.8652914620542
002821.SZ,凯莱英,20250605,7460880.0,6.8515536438E8,89.549463040511,2.3534643402448
603259.SH,药明康德,20250605,2.4417831E7,1.572693307E9,63.056438821161,0.97635533469117
300347.SZ,泰格医药,20250604,2.5897894E7,1.34927291463E9,52.39902617193,4.5738686393891
688293.SH,奥浦迈,20250604,746366.0,3.2226307E7,42.664067308653,0.9641812067355
300759.SZ,康龙化成,20250604,3.1285632E7,7.654360598E8,24.113372266205,2.204168744219
002821.SZ,凯莱英,20250604,4121990.0,3.896180784E8,92.925918204334,1.2829491323472
603259.SH,药明康德,20250604,2.8811339E7,1.868210619E9,63.682309181669,1.1520312566766
300347.SZ,泰格医药,20250603,1.6138252E7,7.9850906933E8,49.43454011225,2.8502025962944
688293.SH,奥浦迈,20250603,834688.0,3.6152145E7,43.10012281657,1.0782785966773
300759.SZ,康龙化成,20250603,3.175546E7,7.6503141469E8,23.82759874936,2.2372695680336
002821.SZ,凯莱英,20250603,5223649.0,4.9148174451E8,91.996169680962,1.6258350826267
603259.SH,药明康德,20250603,2.4032722E7,1.540895772E9,63.046659596778,0.96095661944133
300347.SZ,泰格医药,20250602,,,49.117270701181,
688293.SH,奥浦迈,20250602,,,42.525322374316,
300759.SZ,康龙化成,20250602,,,23.492553936507,
002821.SZ,凯莱英,20250602,,,92.221266691884,
603259.SH,药明康德,20250602,,,62.107854056017,
300347.SZ,泰格医药,20250601,,,49.117270701181,
688293.SH,奥浦迈,20250601,,,42.525322374316,
300759.SZ,康龙化成,20250601,,,23.492553936507,
002821.SZ,凯莱英,20250601,,,92.221266691884,
603259.SH,药明康德,20250601,,,62.107854056017,
300347.SZ,泰格医药,20250531,,,49.117270701181,
688293.SH,奥浦迈,20250531,,,42.525322374316,
300759.SZ,康龙化成,20250531,,,23.492553936507,
002821.SZ,凯莱英,20250531,,,92.221266691884,
603259.SH,药明康德,20250531,,,62.107854056017,
300347.SZ,泰格医药,20250530,2.2185544E7,1.09072250653E9,49.117270701181,3.9182245455707
688293.SH,奥浦迈,20250530,619991.0,2.6533588E7,42.525322374316,0.80092564578926
300759.SZ,康龙化成,20250530,3.4621732E7,8.2411048515E8,23.492553936507,2.4392072228276
002821.SZ,凯莱英,20250530,7298902.0,6.8929323134E8,92.221266691884,2.2717473812375
603259.SH,药明康德,20250530,2.8171565E7,1.803769576E9,62.107854056017,1.1264496741889
300347.SZ,泰格医药,20250529,1.4320199E7,6.7708005258E8,47.411947616683,2.5291133370115
688293.SH,奥浦迈,20250529,885573.0,3.771968E7,42.4658602596,1.1440135855497
300759.SZ,康龙化成,20250529,4.3539272E7,1.02101215487E9,23.413719862894,3.0674752707073
002821.SZ,凯莱英,20250529,7817081.0,7.213922076E8,91.1153552904,2.4330280486944
603259.SH,药明康德,20250529,4.2527115E7,2.719044553E9,63.271581757586,1.7004612571557
300347.SZ,泰格医药,20250528,8400728.0,3.8793909591E8,45.557904495746,1.4734584910778
688293.SH,奥浦迈,20250528,340433.0,1.4180232E7,41.197335145661,0.43978302971007
300759.SZ,康龙化成,20250528,1.7560641E7,3.9560003606E8,22.014415056274,1.2372010263578
002821.SZ,凯莱英,20250528,4187158.0,3.6689889298E8,86.221942009498,1.3032323521165
603259.SH,药明康德,20250528,1.5864741E7,9.80667406E8,60.288918320791,0.63435710194094
300347.SZ,泰格医药,20250527,1.1689126E7,5.4731996857E8,46.56920074353,2.0502320701228
688293.SH,奥浦迈,20250527,402799.0,1.6676507E7,41.256797260377,0.52034956829739
300759.SZ,康龙化成,20250527,1.6742901E7,3.8359605961E8,22.62537912677,1.1795887349104
002821.SZ,凯莱英,20250527,6272350.0,5.5124375954E8,87.10275640006,1.9522381156378
603259.SH,药明康德,20250527,2.1914977E7,1.362849034E9,60.826775661852,0.87627786037115
300347.SZ,泰格医药,20250526,1.202875E7,5.6670954512E8,46.598944750818,2.1098009392224
688293.SH,奥浦迈,20250526,387640.0,1.5860878E7,40.731548580387,0.50076665198971
300759.SZ,康龙化成,20250526,2.0136514E7,4.5998950578E8,22.418439683537,1.4186791807923
002821.SZ,凯莱英,20250526,4179569.0,3.559544991E8,83.393549133136,1.3008703131583
603259.SH,药明康德,20250526,2.9521148E7,1.83108134E9,60.308476769557,1.1804132126235
300347.SZ,泰格医药,20250525,,,47.183910227477,
688293.SH,奥浦迈,20250525,,,40.652265760766,
300759.SZ,康龙化成,20250525,,,22.871735606809,
002821.SZ,凯莱英,20250525,,,84.6071156268,
603259.SH,药明康德,20250525,,,60.680087296108,
300347.SZ,泰格医药,20250524,,,47.183910227477,
688293.SH,奥浦迈,20250524,,,40.652265760766,
300759.SZ,康龙化成,20250524,,,22.871735606809,
002821.SZ,凯莱英,20250524,,,84.6071156268,
603259.SH,药明康德,20250524,,,60.680087296108,
300347.SZ,泰格医药,20250523,2.7469921E7,1.30700928778E9,47.183910227477,4.8181286605978
688293.SH,奥浦迈,20250523,588026.0,2.4144037E7,40.652265760766,0.75963216206506
300759.SZ,康龙化成,20250523,3.6678757E7,8.5694959035E8,22.871735606809,2.584130944077
002821.SZ,凯莱英,20250523,8479850.0,7.4011264025E8,84.6071156268,2.6387481920599
603259.SH,药明康德,20250523,4.5797261E7,2.888668363E9,60.680087296108,1.8312191648633
300347.SZ,泰格医药,20250522,9922950.0,4.4793131428E8,44.665584277113,1.7404509387806
688293.SH,奥浦迈,20250522,699546.0,2.8838467E7,40.265762015112,0.9036975243339
300759.SZ,康龙化成,20250522,1.4862651E7,3.3834548202E8,22.339605609925,1.0471193546749
002821.SZ,凯莱英,20250522,4677706.0,3.9999596898E8,84.166708431519,1.4556021923133
603259.SH,药明康德,20250522,3.5359915E7,2.196532043E9,61.403749900446,1.4138783106688
300347.SZ,泰格医药,20250521,1.5317222E7,6.98964874E8,45.181147070101,2.6865874976102
688293.SH,奥浦迈,20250521,532465.0,2.2685438E7,41.508349821604,0.68785655595836
300759.SZ,康龙化成,20250521,2.0162474E7,4.6708944615E8,22.62537912677,1.4205081424255
002821.SZ,凯莱英,20250521,7398034.0,6.2973661311E8,84.313510829946,2.3021101602384
603259.SH,药明康德,20250521,2.9769258E7,1.849899022E9,60.680087296108,1.1903339759415
300347.SZ,泰格医药,20250520,2.4339222E7,1.09224606899E9,44.963024349991,4.2690149380063
688293.SH,奥浦迈,20250520,833379.0,3.5458669E7,42.169090956801,1.0765875855653
300759.SZ,康龙化成,20250520,1.981643E7,4.548394822E8,22.743630237189,1.3961282811229
002821.SZ,凯莱英,20250520,3504623.0,2.8752303762E8,80.036667622437,1.0905638195371
603259.SH,药明康德,20250520,3.1864802E7,1.988034098E9,59.975983140537,1.2741250204237
300347.SZ,泰格医药,20250519,6381820.0,2.696118775E8,42.117514319462,1.1193490454078
688293.SH,奥浦迈,20250519,1426890.0,6.0697155E7,42.129643724849,1.8433054588216
300759.SZ,康龙化成,20250519,1.9556921E7,4.3541810255E8,22.083394870684,1.3778450760196
002821.SZ,凯莱英,20250519,2338706.0,1.8817911712E8,78.950329874077,0.72775535289652
603259.SH,药明康德,20250519,1.7931667E7,1.089334022E9,58.434946867695,0.7170038458926
300347.SZ,泰格医药,20250518,,,41.948964944832,
688293.SH,奥浦迈,20250518,,,40.482721790849,
300759.SZ,康龙化成,20250518,,,22.654941904375,
002821.SZ,凯莱英,20250518,,,79.214574191246,
603259.SH,药明康德,20250518,,,58.731668137621,
300347.SZ,泰格医药,20250517,,,41.948964944832,
688293.SH,奥浦迈,20250517,,,40.482721790849,
300759.SZ,康龙化成,20250517,,,22.654941904375,
002821.SZ,凯莱英,20250517,,,79.214574191246,
603259.SH,药明康德,20250517,,,58.731668137621,
300347.SZ,泰格医药,20250516,1.4114295E7,6.039047495E8,41.948964944832,2.4755982830687
688293.SH,奥浦迈,20250516,613478.0,2.558218E7,40.482721790849,0.7925119289272
300759.SZ,康龙化成,20250516,1.2944083E7,2.979401085E8,22.654941904375,0.91195035379745
002821.SZ,凯莱英,20250516,3884482.0,3.1790025134E8,79.214574191246,1.208767826623
603259.SH,药明康德,20250516,2.100765E7,1.282031356E9,58.731668137621,0.83999807955198
300347.SZ,泰格医药,20250515,9741900.0,4.306850865E8,43.396506632836,1.708695398093
688293.SH,奥浦迈,20250515,468839.0,1.9258783E7,40.532030830789,0.60566230614024
300759.SZ,康龙化成,20250515,1.7386375E7,4.0679011075E8,22.802755792398,1.2249234520904
002821.SZ,凯莱英,20250515,6050363.0,5.0225924358E8,81.279594595786,1.8827437310278
603259.SH,药明康德,20250515,3.431157E7,2.11366655E9,58.760383099227,1.3719598768265
300347.SZ,泰格医药,20250514,1.0252E7,4.5151845657E8,43.852581411248,1.7981651650345
688293.SH,奥浦迈,20250514,757283.0,3.1408814E7,39.950184159496,0.9782841618995
300759.SZ,康龙化成,20250514,1.7496159E7,4.092515748E8,23.265905974871,1.2326580716569
002821.SZ,凯莱英,20250514,2794379.0,2.2355722087E8,78.979690353762,0.86955105741022
603259.SH,药明康德,20250514,3.4142847E7,2.066253521E9,58.415803559958,1.3652134298904
300347.SZ,泰格医药,20250513,9619000.0,4.32379004E8,44.159936153222,1.6871391652816
688293.SH,奥浦迈,20250513,617304.0,2.5886193E7,41.291390045867,0.79745448699787
300759.SZ,康龙化成,20250513,2.002162E7,4.7244946435E8,23.058966531638,1.4105845460507
002821.SZ,凯莱英,20250513,2617080.0,2.1218515707E8,79.18521371156,0.81437939568224
603259.SH,药明康德,20250513,3.0386693E7,1.825329067E9,57.295920057334,1.2150223258639
300347.SZ,泰格医药,20250512,1.0065017E7,4.4914225503E8,44.268997513277,1.7653689967694
688293.SH,奥浦迈,20250512,674336.0,2.7590814E7,40.699681566586,0.87113038137481
300759.SZ,康龙化成,20250512,1.9295567E7,4.4952686243E8,23.019549494832,1.3594318850066
002821.SZ,凯莱英,20250512,4145120.0,3.35434805E8,79.29286880374,1.2898728050462
603259.SH,药明康德,20250512,3.730493E7,2.20595952E9,56.865195633248,1.4916504015357
300347.SZ,泰格医药,20250511,,,44.40780288062,
688293.SH,奥浦迈,20250511,,,41.390008125747,
300759.SZ,康龙化成,20250511,,,22.960423939623,
002821.SZ,凯莱英,20250511,,,79.586473600594,
603259.SH,药明康德,20250511,,,56.530187747847,
300347.SZ,泰格医药,20250510,,,44.40780288062,
688293.SH,奥浦迈,20250510,,,41.390008125747,
300759.SZ,康龙化成,20250510,,,22.960423939623,
002821.SZ,凯莱英,20250510,,,79.586473600594,
603259.SH,药明康德,20250510,,,56.530187747847,
300347.SZ,泰格医药,20250509,7870521.0,3.5558306104E8,44.40780288062,1.3804620262263
688293.SH,奥浦迈,20250509,452163.0,1.8841455E7,41.390008125747,0.58411967718404
300759.SZ,康龙化成,20250509,1.4959749E7,3.5022778108E8,22.960423939623,1.0539602066265
002821.SZ,凯莱英,20250509,3220061.0,2.6233539323E8,79.586473600594,1.0020142033258
603259.SH,药明康德,20250509,2.4089989E7,1.421238277E9,56.530187747847,0.96324646004805
300347.SZ,泰格医药,20250508,6886756.0,3.1624118003E8,45.577733833938,1.2079130646988
688293.SH,奥浦迈,20250508,440456.0,1.8551805E7,41.232219197939,0.56899617291502
300759.SZ,康龙化成,20250508,1.7705624E7,4.1912660607E8,23.374302826088,1.2474155234484
002821.SZ,凯莱英,20250508,3837200.0,3.090066974E8,78.686085556908,1.1940546781573
603259.SH,药明康德,20250508,3.4488482E7,2.027102486E9,56.453614516899,1.3790337637319
300347.SZ,泰格医药,20250507,7935770.0,3.645772755E8,45.557904495746,1.3919064740271
688293.SH,奥浦迈,20250507,421091.0,1.7731157E7,41.261804621903,0.54397980149881
300759.SZ,康龙化成,20250507,2.2597215E7,5.3158231399E8,23.078675050041,1.5920431145325
002821.SZ,凯莱英,20250507,4022964.0,3.2768280286E8,80.056241275561,1.2518604670745
603259.SH,药明康德,20250507,6.4309752E7,3.775180609E9,55.754883784492,2.5714474573055
300347.SZ,泰格医药,20250506,8766074.0,4.0117409904E8,45.557904495746,1.5375389095703
688293.SH,奥浦迈,20250506,440036.0,1.8385141E7,41.399869933735,0.56845360250475
300759.SZ,康龙化成,20250506,2.0168854E7,4.7814944399E8,23.413719862894,1.4209576329964
002821.SZ,凯莱英,20250506,5304031.0,4.3563370735E8,81.250234116101,1.6505011541336
603259.SH,药明康德,20250506,4.091074E7,2.46882983E9,57.755359443026,1.6358299492352
300347.SZ,泰格医药,20250505,,,44.229338836893,
688293.SH,奥浦迈,20250505,,,40.857470494394,
300759.SZ,康龙化成,20250505,,,22.832318570003,
002821.SZ,凯莱英,20250505,,,80.251977806797,
603259.SH,药明康德,20250505,,,56.635475940402,
300347.SZ,泰格医药,20250504,,,44.229338836893,
688293.SH,奥浦迈,20250504,,,40.857470494394,
300759.SZ,康龙化成,20250504,,,22.832318570003,
002821.SZ,凯莱英,20250504,,,80.251977806797,
603259.SH,药明康德,20250504,,,56.635475940402,
300347.SZ,泰格医药,20250503,,,44.229338836893,
688293.SH,奥浦迈,20250503,,,40.857470494394,
300759.SZ,康龙化成,20250503,,,22.832318570003,
002821.SZ,凯莱英,20250503,,,80.251977806797,
603259.SH,药明康德,20250503,,,56.635475940402,
300347.SZ,泰格医药,20250502,,,44.229338836893,
688293.SH,奥浦迈,20250502,,,40.857470494394,
300759.SZ,康龙化成,20250502,,,22.832318570003,
002821.SZ,凯莱英,20250502,,,80.251977806797,
603259.SH,药明康德,20250502,,,56.635475940402,
300347.SZ,泰格医药,20250501,,,44.229338836893,
688293.SH,奥浦迈,20250501,,,40.857470494394,
300759.SZ,康龙化成,20250501,,,22.832318570003,
002821.SZ,凯莱英,20250501,,,80.251977806797,
603259.SH,药明康德,20250501,,,56.635475940402,
300347.SZ,泰格医药,20250430,6550341.0,2.923023217E8,44.229338836893,1.148907043045
688293.SH,奥浦迈,20250430,582490.0,2.3971891E7,40.857470494394,0.75248056732402
300759.SZ,康龙化成,20250430,1.8599747E7,4.3342658153E8,22.832318570003,1.3104092315534
002821.SZ,凯莱英,20250430,5117300.0,4.1730530411E8,80.251977806797,1.5923944554713
603259.SH,药明康德,20250430,4.3039531E7,2.561246235E9,56.635475940402,1.7209503863982
300347.SZ,泰格医药,20250429,8177058.0,3.6382945877E8,44.100448138646,1.4342275505332
688293.SH,奥浦迈,20250429,776994.0,3.2235648E7,41.419593549711,1.003747507987
300759.SZ,康龙化成,20250429,2.3929755E7,5.6736986295E8,23.177217642057,1.6859246451476
002821.SZ,凯莱英,20250429,1.028981E7,8.3638402514E8,80.154109541179,3.2019690836677
603259.SH,药明康德,20250429,6.7722044E7,4.098113643E9,57.86064763558,2.7078891215026
300347.SZ,泰格医药,20250428,6135674.0,2.7246302241E8,43.773264058481,1.0761758925876
688293.SH,奥浦迈,20250428,387000.0,1.5545E7,39.545850031986,0.49993987803121
300759.SZ,康龙化成,20250428,1.9963549E7,4.6695732914E8,22.930861162018,1.4064932659658
002821.SZ,凯莱英,20250428,9232827.0,6.9642310144E8,75.681529802434,2.8730585510182
603259.SH,药明康德,20250428,3.511359E7,2.025328949E9,55.601737322595,1.4040289211871
300347.SZ,泰格医药,20250427,,,44.665584277113,
688293.SH,奥浦迈,20250427,,,40.157282127244,
300759.SZ,康龙化成,20250427,,,22.852027088406,
002821.SZ,凯莱英,20250427,,,72.882497405758,
603259.SH,药明康德,20250427,,,54.903006590188,
300347.SZ,泰格医药,20250426,,,44.665584277113,
688293.SH,奥浦迈,20250426,,,40.157282127244,
300759.SZ,康龙化成,20250426,,,22.852027088406,
002821.SZ,凯莱英,20250426,,,72.882497405758,
603259.SH,药明康德,20250426,,,54.903006590188,
300347.SZ,泰格医药,20250425,6334900.0,2.8708905224E8,44.665584277113,1.1111194404972
688293.SH,奥浦迈,20250425,648013.0,2.6177853E7,40.157282127244,0.83712542682852
300759.SZ,康龙化成,20250425,2.0442097E7,4.7506732146E8,22.852027088406,1.4402084405293
002821.SZ,凯莱英,20250425,1.1120385E7,8.3304137426E8,72.882497405758,3.4604262827479
603259.SH,药明康德,20250425,3.2632846E7,1.870180215E9,54.903006590188,1.3048355227889
300347.SZ,泰格医药,20250424,1.1362796E7,5.1876691886E8,45.101829717334,1.9929949224145
688293.SH,奥浦迈,20250424,382445.0,1.5679619E7,40.315071055053,0.49405557274843
300759.SZ,康龙化成,20250424,3.0209791E7,7.0309809511E8,22.743630237189,2.1283724455874
002821.SZ,凯莱英,20250424,8606347.0,6.2413951159E8,72.197419546432,2.6781113565087
603259.SH,药明康德,20250424,3.7275533E7,2.11851676E9,54.003271126542,1.4904749524234
300347.SZ,泰格医药,20250423,1.0649553E7,4.7918070496E8,44.943195011799,1.8678945793785
688293.SH,奥浦迈,20250423,544769.0,2.2910417E7,40.896917726346,0.70375128531055
300759.SZ,康龙化成,20250423,2.5595569E7,5.8241357636E8,22.388876905933,1.8032863513929
002821.SZ,凯莱英,20250423,5338645.0,3.553178457E8,65.630458923461,1.6612722915853
603259.SH,药明康德,20250423,4.879763E7,2.743525709E9,53.81183804917,1.9511899468379
300347.SZ,泰格医药,20250422,9823425.0,4.3992331718E8,43.92198409492,1.7229945997199
688293.SH,奥浦迈,20250422,947562.0,4.0844692E7,42.593148700287,1.2240931026021
300759.SZ,康龙化成,20250422,2.2048309E7,4.9562845538E8,21.896163945855,1.5533710030433
002821.SZ,凯莱英,20250422,4652446.0,3.0255814902E8,63.682880437662,1.4477418198619
603259.SH,药明康德,20250422,3.7034654E7,2.011581532E9,52.213371853117,1.4808433231167
300347.SZ,泰格医药,20250421,6106923.0,2.6864711189E8,43.912069425824,1.0711330671233
688293.SH,奥浦迈,20250421,560597.0,2.3247329E7,40.837746878418,0.72419843877173
300759.SZ,康龙化成,20250421,1.4302725E7,3.2043507193E8,22.221354499506,1.0076708503814
002821.SZ,凯莱英,20250421,5104863.0,3.2921341239E8,63.222899589257,1.5885243267232
603259.SH,药明康德,20250421,2.5889868E7,1.384506142E9,51.58164269779,1.0352152382515
300347.SZ,泰格医药,20250420,,,43.515482661987,
688293.SH,奥浦迈,20250420,,,40.22631478316,
300759.SZ,康龙化成,20250420,,,22.073540611483,
002821.SZ,凯莱英,20250420,,,64.10371397982,
603259.SH,药明康德,20250420,,,50.586190695458,
300347.SZ,泰格医药,20250419,,,43.515482661987,
688293.SH,奥浦迈,20250419,,,40.22631478316,
300759.SZ,康龙化成,20250419,,,22.073540611483,
002821.SZ,凯莱英,20250419,,,64.10371397982,
603259.SH,药明康德,20250419,,,50.586190695458,
300347.SZ,泰格医药,20250418,4684110.0,2.0586485715E8,43.515482661987,0.82157661248435
688293.SH,奥浦迈,20250418,363507.0,1.4894383E7,40.22631478316,0.46959081458266
300759.SZ,康龙化成,20250418,1.3232579E7,2.9487972775E8,22.073540611483,0.93227578196946
002821.SZ,凯莱英,20250418,7492653.0,4.8631882486E8,64.10371397982,2.331553571995
603259.SH,药明康德,20250418,2.4025518E7,1.270566975E9,50.586190695458,0.96066856503424
300347.SZ,泰格医药,20250417,4487607.0,1.9621976466E8,43.297359941877,0.78711066930987
688293.SH,奥浦迈,20250417,906282.0,3.7173356E7,40.679957950609,1.1707661822788
300759.SZ,康龙化成,20250417,1.2660169E7,2.8059009005E8,21.73849579863,0.89194774158088
002821.SZ,凯莱英,20250417,2663925.0,1.6595335695E8,60.570669591008,0.82895655908219
603259.SH,药明康德,20250417,2.6699497E7,1.398377481E9,50.260754463926,1.0675885310829
300347.SZ,泰格医药,20250416,7959835.0,3.4607671454E8,43.208127920013,1.3961273913794
688293.SH,奥浦迈,20250416,751835.0,2.9974162E7,38.934417936729,0.97124624857775
300759.SZ,康龙化成,20250416,1.6206711E7,3.5792720729E8,21.886309686653,1.141812504628
002821.SZ,凯莱英,20250416,4150883.0,2.5858601354E8,61.040437265975,1.2916661275497
603259.SH,药明康德,20250416,4.0987053E7,2.116845802E9,50.117179655897,1.6388813506744
300347.SZ,泰格医药,20250415,7405095.0,3.3060543469E8,44.259082844181,1.2988279236023
688293.SH,奥浦迈,20250415,573859.0,2.2976921E7,39.289443024298,0.74133074539305
300759.SZ,康龙化成,20250415,1.7873586E7,4.0237617379E8,22.152374685095,1.259248961578
002821.SZ,凯莱英,20250415,3712620.0,2.380801312E8,62.537821729931,1.1552880431618
603259.SH,药明康德,20250415,3.8832857E7,2.031938715E9,50.327756041006,1.5527450858862
300347.SZ,泰格医药,20250414,7942261.0,3.6158623806E8,44.834133651744,1.393044972865
688293.SH,奥浦迈,20250414,1403384.0,5.6456584E7,39.466955568082,1.812939601527
300759.SZ,康龙化成,20250414,2.1320377E7,4.9248642545E8,22.576107830762,1.5020859606853
002821.SZ,凯莱英,20250414,4087870.0,2.685190542E8,63.790535529842,1.272057827895
603259.SH,药明康德,20250414,6.2562509E7,3.34825449E9,50.835053696041,2.5015833475878
300347.SZ,泰格医药,20250413,,,44.556522917058,
688293.SH,奥浦迈,20250413,,,39.249995792346,
300759.SZ,康龙化成,20250413,,,22.477565238747,
002821.SZ,凯莱英,20250413,,,63.712240917347,
603259.SH,药明康德,20250413,,,49.868316655314,
300347.SZ,泰格医药,20250412,,,44.556522917058,
688293.SH,奥浦迈,20250412,,,39.249995792346,
300759.SZ,康龙化成,20250412,,,22.477565238747,
002821.SZ,凯莱英,20250412,,,63.712240917347,
603259.SH,药明康德,20250412,,,49.868316655314,
300347.SZ,泰格医药,20250411,1.0064321E7,4.5231819283E8,44.556522917058,1.7652469207886
688293.SH,奥浦迈,20250411,1508457.0,5.8823787E7,39.249995792346,1.9486765079982
300759.SZ,康龙化成,20250411,2.696077E7,6.1005195989E8,22.477565238747,1.8994689496468
002821.SZ,凯莱英,20250411,4567213.0,2.9529695746E8,63.712240917347,1.4212191308222
603259.SH,药明康德,20250411,6.3119852E7,3.290773193E9,49.868316655314,2.5238688983111
300347.SZ,泰格医药,20250410,1.4014553E7,6.3548672324E8,44.40780288062,2.4581038829623
688293.SH,奥浦迈,20250410,964206.0,3.517062E7,36.646478483507,1.2455943928604
300759.SZ,康龙化成,20250410,3.2838562E7,7.5286495468E8,22.260771536312,2.3135774263885
002821.SZ,凯莱英,20250410,6748917.0,4.3909628054E8,63.310981028313,2.1001188148508
603259.SH,药明康德,20250410,8.3825963E7,4.418071958E9,50.059749732686,3.3518098376827
300347.SZ,泰格医药,20250409,1.8351075E7,8.0650966671E8,44.110362807742,3.2187147684291
688293.SH,奥浦迈,20250409,1362760.0,4.6441914E7,34.960109317554,1.7604601245111
300759.SZ,康龙化成,20250409,3.8523309E7,8.3442717013E8,21.945435241863,2.7140852907076
002821.SZ,凯莱英,20250409,9108643.0,5.6769883673E8,61.480844461256,2.8344151427642
603259.SH,药明康德,20250409,1.2070969E8,6.003069737E9,49.054726076485,4.8266182930178
300347.SZ,泰格医药,20250408,9573391.0,4.4045550946E8,45.557904495746,1.6791395052141
688293.SH,奥浦迈,20250408,954639.0,3.2501061E7,34.900938469626,1.2332354140151
300759.SZ,康龙化成,20250408,3.7676558E7,8.5349407791E8,22.339605609925,2.654429085318
002821.SZ,凯莱英,20250408,1.0439023E7,6.7745523755E8,62.704197781481,3.2484009821072
603259.SH,药明康德,20250408,1.27288498E8,6.716310436E9,49.399305615754,5.0896741838833
300347.SZ,泰格医药,20250407,1.5833348E7,7.4317288896E8,45.409184459307,2.7771142040059
688293.SH,奥浦迈,20250407,1371086.0,4.8327301E7,32.958162295985,1.7712159369775
300759.SZ,康龙化成,20250407,5.8176623E7,1.36667920024E9,22.073540611483,4.0987215492662
002821.SZ,凯莱英,20250407,3839200.0,2.7178802569E8,68.458851799823,1.1946770354377
603259.SH,药明康德,20250407,4.2101088E7,2.413603014E9,54.721145166685,1.683426421663
300347.SZ,泰格医药,20250406,,,50.862252462063,
688293.SH,奥浦迈,20250406,,,36.833852835279,
300759.SZ,康龙化成,20250406,,,26.655771140206,
002821.SZ,凯莱英,20250406,,,76.063216038345,
603259.SH,药明康德,20250406,,,60.799145373235,
300347.SZ,泰格医药,20250405,,,50.862252462063,
688293.SH,奥浦迈,20250405,,,36.833852835279,
300759.SZ,康龙化成,20250405,,,26.655771140206,
002821.SZ,凯莱英,20250405,,,76.063216038345,
603259.SH,药明康德,20250405,,,60.799145373235,
300347.SZ,泰格医药,20250404,,,50.862252462063,
688293.SH,奥浦迈,20250404,,,36.833852835279,
300759.SZ,康龙化成,20250404,,,26.655771140206,
002821.SZ,凯莱英,20250404,,,76.063216038345,
603259.SH,药明康德,20250404,,,60.799145373235,
300347.SZ,泰格医药,20250403,6532180.0,3.3557095329E8,50.862252462063,1.1457216667709
688293.SH,奥浦迈,20250403,594009.0,2.252209E7,36.833852835279,0.76736120674273
300759.SZ,康龙化成,20250403,3.3670127E7,9.2599794239E8,26.655771140206,2.3721637314945
002821.SZ,凯莱英,20250403,4611751.0,3.6514241824E8,76.063216038345,1.4350784050992
603259.SH,药明康德,20250403,5.0284049E7,3.241373898E9,60.799145373235,2.0106249195935
300347.SZ,泰格医药,20250402,1.0161035E7,5.2727529108E8,50.733361763816,1.7822102202201
688293.SH,奥浦迈,20250402,809307.0,3.0498908E7,37.494593970477,1.0454905500512
300759.SZ,康龙化成,20250402,3.5395968E7,9.8684618762E8,27.18790113709,2.4937545240248
002821.SZ,凯莱英,20250402,4415150.0,3.56459052E8,77.726976553851,1.3739003732582
603259.SH,药明康德,20250402,3.834661E7,2.555881701E9,63.220773801986,1.5333023330705
300347.SZ,泰格医药,20250401,1.4410067E7,7.6750203588E8,53.212029037795,2.5274756637937
688293.SH,奥浦迈,20250401,1506549.0,5.6363038E7,36.754958371375,1.9462116881345
300759.SZ,康龙化成,20250401,5.310745E7,1.5115680575E9,28.143764279641,3.7415827615429
002821.SZ,凯莱英,20250401,5451716.0,4.4448234564E8,79.322229283426,1.6964575716108
603259.SH,药明康德,20250401,4.7878141E7,3.304120345E9,65.307394345337,1.9144238642837
300347.SZ,泰格医药,20250331,8913373.0,4.5508538497E8,50.376433676363,1.5633746421731
688293.SH,奥浦迈,20250331,936148.0,3.4518105E7,35.887119268429,1.2093481057859
300759.SZ,康龙化成,20250331,1.71077E7,4.6164350713E8,26.527665770586,1.2052899434947
002821.SZ,凯莱英,20250331,3944856.0,3.1309487044E8,77.07125917421,1.2275549258462
603259.SH,药明康德,20250331,2.2671589E7,1.530323032E9,64.436373843296,0.90653125030129
300347.SZ,泰格医药,20250330,,,51.288583233187,
688293.SH,奥浦迈,20250330,,,37.149430690896,
300759.SZ,康龙化成,20250330,,,26.764167991423,
002821.SZ,凯莱英,20250330,,,77.961860391335,
603259.SH,药明康德,20250330,,,64.88624157512,
300347.SZ,泰格医药,20250329,,,51.288583233187,
688293.SH,奥浦迈,20250329,,,37.149430690896,
300759.SZ,康龙化成,20250329,,,26.764167991423,
002821.SZ,凯莱英,20250329,,,77.961860391335,
603259.SH,药明康德,20250329,,,64.88624157512,
300347.SZ,泰格医药,20250328,1.665449E7,8.9521935598E8,51.288583233187,2.9211396565953
688293.SH,奥浦迈,20250328,510092.0,1.9603619E7,37.149430690896,0.65895434693719
300759.SZ,康龙化成,20250328,2.6125757E7,7.2198575167E8,26.764167991423,1.840639722364
002821.SZ,凯莱英,20250328,3644202.0,2.96213579E8,77.961860391335,1.1339978229569
603259.SH,药明康德,20250328,2.9155668E7,1.989813284E9,64.88624157512,1.1657993696608
300347.SZ,泰格医药,20250327,1.1144134E7,6.1023277192E8,54.917352122293,1.9546423676625
688293.SH,奥浦迈,20250327,975421.0,3.6548774E7,37.73127736219,1.2600823146488
300759.SZ,康龙化成,20250327,2.6701411E7,7.2797360201E8,27.276589469904,1.8811963125036
002821.SZ,凯莱英,20250327,3901140.0,3.0908499448E8,78.627364597537,1.2139514404114
603259.SH,药明康德,20250327,3.6547707E7,2.450658942E9,65.08724630636,1.4613725805613
300347.SZ,泰格医药,20250326,3615248.0,1.9338256764E8,52.646892899328,0.63410193294582
688293.SH,奥浦迈,20250326,294862.0,1.0813426E7,35.837810228488,0.38091284836185
300759.SZ,康龙化成,20250326,1.4603744E7,3.918874523E8,26.222183735337,1.0288785623182
002821.SZ,凯莱英,20250326,2143600.0,1.670717352E8,75.896839986794,0.66704253312259
603259.SH,药明康德,20250326,2.157769E7,1.427213299E9,62.92405253206,0.86279132416848
300347.SZ,泰格医药,20250325,5391898.0,2.8724100012E8,52.726210252095,0.94572016748137
688293.SH,奥浦迈,20250325,402746.0,1.4735689E7,36.123802660141,0.52028110107896
300759.SZ,康龙化成,20250325,1.2077089E7,3.2582112825E8,26.488248733779,0.85086796696168
002821.SZ,凯莱英,20250325,1593800.0,1.243760052E8,76.484049580502,0.49595651674323
603259.SH,药明康德,20250325,2.1148141E7,1.41592988E9,63.73764311089,0.84561566029968
300347.SZ,泰格医药,20250324,5814152.0,3.1397224551E8,53.449981096097,1.0197820513671
688293.SH,奥浦迈,20250324,960318.0,3.5559187E7,36.488689555698,1.2405717410625
300759.SZ,康龙化成,20250324,1.2683289E7,3.4315986162E8,26.774022250625,0.89357661650232
002821.SZ,凯莱英,20250324,1852632.0,1.4465463872E8,76.435115447693,0.57649950654225
603259.SH,药明康德,20250324,2.7848937E7,1.872267727E9,64.474660458771,1.1135492831213
300347.SZ,泰格医药,20250323,,,54.431533336593,
688293.SH,奥浦迈,20250323,,,37.395975890597,
300759.SZ,康龙化成,20250323,,,26.902127620245,
002821.SZ,凯莱英,20250323,,,76.141510650839,
603259.SH,药明康德,20250323,,,64.110937611765,
300347.SZ,泰格医药,20250322,,,54.431533336593,
688293.SH,奥浦迈,20250322,,,37.395975890597,
300759.SZ,康龙化成,20250322,,,26.902127620245,
002821.SZ,凯莱英,20250322,,,76.141510650839,
603259.SH,药明康德,20250322,,,64.110937611765,
300347.SZ,泰格医药,20250321,9013102.0,4.9632461062E8,54.431533336593,1.5808667621247
688293.SH,奥浦迈,20250321,680009.0,2.6084869E7,37.395975890597,0.87845895741634
300759.SZ,康龙化成,20250321,2.0904754E7,5.7522619402E8,26.902127620245,1.4728040453965
002821.SZ,凯莱英,20250321,2655693.0,2.086170163E8,76.141510650839,0.8263949365161
603259.SH,药明康德,20250321,4.7039264E7,3.177821204E9,64.110937611765,1.880881080156
300347.SZ,泰格医药,20250320,8974158.0,5.078425744E8,55.770013664542,1.5740361198903
688293.SH,奥浦迈,20250320,646025.0,2.4421243E7,37.021227187052,0.83455726021992
300759.SZ,康龙化成,20250320,1.8697925E7,5.2192553982E8,27.394840580322,1.317326172818
002821.SZ,凯莱英,20250320,2274966.0,1.8284237078E8,78.500135852234,0.70792082637048
603259.SH,药明康德,20250320,3.9134459E7,2.721708477E9,66.589995963727,1.5648047451431
300347.SZ,泰格医药,20250319,9919884.0,5.7871373086E8,57.237384690738,1.7399131730377
688293.SH,奥浦迈,20250319,747495.0,2.9055775E7,37.672106514261,0.96563968767167
300759.SZ,康龙化成,20250319,2.2402766E7,6.343789465E8,27.720031133974,1.5783435860031
002821.SZ,凯莱英,20250319,2707976.0,2.1997419E8,79.253721497493,0.84266428936143
603259.SH,药明康德,20250319,5.4903454E7,3.841716052E9,67.001577080077,2.1953334104848
300347.SZ,泰格医药,20250318,1.6847375E7,1.00586677385E9,58.655182371455,2.9549710151456
688293.SH,奥浦迈,20250318,586956.0,2.3057149E7,38.421603921351,0.75824989935319
300759.SZ,康龙化成,20250318,5.3534896E7,1.54559346591E9,28.094492983633,3.7716976434491
002821.SZ,凯莱英,20250318,7088999.0,5.8598554766E8,80.163896367741,2.2059450691656
603259.SH,药明康德,20250318,9.7898373E7,6.809954748E9,66.695284156282,3.9144999707851
300347.SZ,泰格医药,20250317,6799086.0,3.9200128828E8,56.98951796334,1.1925360514313
688293.SH,奥浦迈,20250317,812871.0,3.179992E7,38.352571265435,1.0500946475326
300759.SZ,康龙化成,20250317,1.5509431E7,4.2801374153E8,27.227318173896,1.0926869896961
002821.SZ,凯莱英,20250317,2972069.0,2.3458729108E8,77.315929838256,0.92484438998652
603259.SH,药明康德,20250317,2.5984406E7,1.663436487E9,61.287299720533,1.0389953725571
300347.SZ,泰格医药,20250316,,,57.703374138246,
688293.SH,奥浦迈,20250316,,,39.269719408322,
300759.SZ,康龙化成,20250316,,,27.31600650671,
002821.SZ,凯莱英,20250316,,,77.873778952278,
603259.SH,药明康德,20250316,,,61.17243987411,
300347.SZ,泰格医药,20250315,,,57.703374138246,
688293.SH,奥浦迈,20250315,,,39.269719408322,
300759.SZ,康龙化成,20250315,,,27.31600650671,
002821.SZ,凯莱英,20250315,,,77.873778952278,
603259.SH,药明康德,20250315,,,61.17243987411,
300347.SZ,泰格医药,20250314,1.3635437E7,7.8605159573E8,57.703374138246,2.391608254333
688293.SH,奥浦迈,20250314,981817.0,3.8524967E7,39.269719408322,1.2683448868965
300759.SZ,康龙化成,20250314,3.4791986E7,9.5089515148E8,27.31600650671,2.451202139388
002821.SZ,凯莱英,20250314,4999345.0,3.933536381E8,77.873778952278,1.555689378967
603259.SH,药明康德,20250314,5.5967015E7,3.547247555E9,61.17243987411,2.237860261298
300347.SZ,泰格医药,20250313,7889968.0,4.4243728748E8,55.36351223161,1.3838729624304
688293.SH,奥浦迈,20250313,1634166.0,6.1774203E7,38.451189345315,2.1110717072939
300759.SZ,康龙化成,20250313,1.6663468E7,4.4008490317E8,25.936410218492,1.1739924363968
002821.SZ,凯莱英,20250313,2421394.0,1.8544406486E8,74.810502238434,0.75348609229699
603259.SH,药明康德,20250313,1.7031845E7,1.042461038E9,58.482805137038,0.68102415506861
300347.SZ,泰格医药,20250312,1.244079E7,7.1553158989E8,56.126941751995,2.182071323011
688293.SH,奥浦迈,20250312,577393.0,2.2325945E7,37.78058640213,0.74589608784515
300759.SZ,康龙化成,20250312,1.7468195E7,4.7298047419E8,26.419268919369,1.2306879220763
002821.SZ,凯莱英,20250312,2649516.0,2.0604805316E8,75.759824414929,0.82447278605562
603259.SH,药明康德,20250312,2.0012391E7,1.237020006E9,58.951816176599,0.80020230759954
300347.SZ,泰格医药,20250311,8296087.0,4.5837302823E8,55.423000246185,1.4551048233999
688293.SH,奥浦迈,20250311,474053.0,1.8549613E7,38.431465729339,0.6123979302334
300759.SZ,康龙化成,20250311,1.638915E7,4.4224436446E8,26.754313732221,1.1546658918163
002821.SZ,凯莱英,20250311,2487235.0,1.9205303137E8,75.838119027423,0.77397440514609
603259.SH,药明康德,20250311,2.2514528E7,1.379240872E9,58.990102792073,0.90025111242901
300347.SZ,泰格医药,20250310,8826509.0,4.980423763E8,55.571720282624,1.548138998504
688293.SH,奥浦迈,20250310,518937.0,2.0704378E7,39.180963136429,0.67038062141054
300759.SZ,康龙化成,20250310,2.1107778E7,5.7987455326E8,26.921836138648,1.4871077089801
002821.SZ,凯莱英,20250310,4902392.0,3.839243303E8,76.288313049266,1.5255196762642
603259.SH,药明康德,20250310,2.8809317E7,1.789752477E9,59.344253985211,1.1519504063141
300347.SZ,泰格医药,20250309,,,56.28557645753,
688293.SH,奥浦迈,20250309,,,39.299304832286,
300759.SZ,康龙化成,20250309,,,27.138629841082,
002821.SZ,凯莱英,20250309,,,78.167383749133,
603259.SH,药明康德,20250309,,,59.832408332508,
300347.SZ,泰格医药,20250308,,,56.28557645753,
688293.SH,奥浦迈,20250308,,,39.299304832286,
300759.SZ,康龙化成,20250308,,,27.138629841082,
002821.SZ,凯莱英,20250308,,,78.167383749133,
603259.SH,药明康德,20250308,,,59.832408332508,
300347.SZ,泰格医药,20250307,8143321.0,4.6344498614E8,56.28557645753,1.4283101979998
688293.SH,奥浦迈,20250307,903302.0,3.6943395E7,39.299304832286,1.1669165160345
300759.SZ,康龙化成,20250307,2.1403107E7,5.9014243415E8,27.138629841082,1.5079145429626
002821.SZ,凯莱英,20250307,2179917.0,1.746243896E8,78.167383749133,0.67834360779856
603259.SH,药明康德,20250307,3.4912815E7,2.186480023E9,59.832408332508,1.3960008640545
300347.SZ,泰格医药,20250306,9422152.0,5.485615748E8,57.554654101808,1.6526127103063
688293.SH,奥浦迈,20250306,997798.0,4.2755865E7,41.922545757101,1.2889896910072
300759.SZ,康龙化成,20250306,2.6388157E7,7.2733894168E8,27.178046877888,1.8591266072855
002821.SZ,凯莱英,20250306,3275092.0,2.6520634717E8,79.057984966257,1.0191386750744
603259.SH,药明康德,20250306,4.3806681E7,2.72013668E9,59.707976832217,1.7516251418672
300347.SZ,泰格医药,20250305,8402950.0,4.7484163074E8,56.28557645753,1.4738482221543
688293.SH,奥浦迈,20250305,1042698.0,4.3897646E7,42.356465308574,1.3469930515333
300759.SZ,康龙化成,20250305,1.6858343E7,4.502806232E8,26.340434845756,1.187721977933
002821.SZ,凯莱英,20250305,4331823.0,3.4551883033E8,77.325716664817,1.3479707907066
603259.SH,药明康德,20250305,2.5860748E7,1.552816877E9,57.334206672808,1.034050865079
300347.SZ,泰格医药,20250304,7529673.0,4.2724250139E8,56.354979141202,1.3206784717812
688293.SH,奥浦迈,20250304,324670.0,1.3822441E7,41.823927677221,0.41941984547905
300759.SZ,康龙化成,20250304,1.5257075E7,4.117740911E8,26.685333917811,1.0749077353849
002821.SZ,凯莱英,20250304,2269596.0,1.8681566716E8,80.242190980235,0.70624979707263
603259.SH,药明康德,20250304,3.1672279E7,1.906980815E9,57.7936460585,1.2664269223371
300347.SZ,泰格医药,20250303,9881592.0,5.6640393405E8,56.592931199504,1.733196889337
688293.SH,奥浦迈,20250303,771528.0,3.3790605E7,42.27757084467,0.9966863416477
300759.SZ,康龙化成,20250303,2.7608689E7,7.4769869652E8,26.448831696973,1.945116830712
002821.SZ,凯莱英,20250303,3398482.0,2.8169713712E8,80.251977806797,1.0575350074881
603259.SH,药明康德,20250303,4.0376144E7,2.466406373E9,58.071224020689,1.6144539450969
300347.SZ,泰格医药,20250302,,,56.206259104763,
688293.SH,奥浦迈,20250302,,,42.47480700443,
300759.SZ,康龙化成,20250302,,,26.054661328911,
002821.SZ,凯莱英,20250302,,,79.899652050572,
603259.SH,药明康德,20250302,,,58.511520098644,
300347.SZ,泰格医药,20250301,,,56.206259104763,
688293.SH,奥浦迈,20250301,,,42.47480700443,
300759.SZ,康龙化成,20250301,,,26.054661328911,
002821.SZ,凯莱英,20250301,,,79.899652050572,
603259.SH,药明康德,20250301,,,58.511520098644,
300347.SZ,泰格医药,20250228,1.4294243E7,8.2656727254E8,56.206259104763,2.5071605367867
688293.SH,奥浦迈,20250228,1109533.0,4.8628376E7,42.47480700443,1.4333327976527
300759.SZ,康龙化成,20250228,3.2329729E7,8.7421305753E8,26.054661328911,2.2777285806747
002821.SZ,凯莱英,20250228,5529377.0,4.5665025232E8,79.899652050572,1.720624015987
603259.SH,药明康德,20250228,4.2652905E7,2.616702063E9,58.511520098644,1.7054910133838
300347.SZ,泰格医药,20250227,1.4789162E7,8.8087271492E8,59.002195789812,2.5939676090959
688293.SH,奥浦迈,20250227,956448.0,4.1118742E7,42.770661244071,1.2355723422821
300759.SZ,康龙化成,20250227,2.9760878E7,8.3778089947E8,27.690468356369,2.0967451476804
002821.SZ,凯莱英,20250227,2806980.0,2.372164516E8,82.884634151922,0.87347221945533
603259.SH,药明康德,20250227,5.1139663E7,3.217392434E9,59.774978409297,2.0448369383979
300347.SZ,泰格医药,20250226,1.4242437E7,8.4326726612E8,59.458270568224,2.4980739444594
688293.SH,奥浦迈,20250226,711253.0,2.9960364E7,41.606967901484,0.91882102860292
300759.SZ,康龙化成,20250226,2.8179792E7,7.900337589E8,27.848136503594,1.9853527889414
002821.SZ,凯莱英,20250226,2611700.0,2.228593592E8,83.68715392999,0.81270525459799
603259.SH,药明康德,20250226,4.3034189E7,2.745377078E9,61.670165875276,1.7207367846988
300347.SZ,泰格医药,20250225,1.1627157E7,6.7524722566E8,57.058920647012,2.0393629229211
688293.SH,奥浦迈,20250225,393858.0,1.6143858E7,40.384103710969,0.50879927773027
300759.SZ,康龙化成,20250225,2.831476E7,7.8722265241E8,27.256880951501,1.9948616985606
002821.SZ,凯莱英,20250225,3055755.0,2.593945112E8,82.698684447248,0.93026694186551
603259.SH,药明康德,20250225,5.2598363E7,3.288243065E9,59.803693370903,2.1031635574459
300347.SZ,泰格医药,20250224,1.4876487E7,8.9265671955E8,58.784073069702,2.6092841105626
688293.SH,奥浦迈,20250224,585809.0,2.4453881E7,40.887055918358,0.75676816539944
300759.SZ,康龙化成,20250224,3.8445944E7,1.10281730393E9,27.995950391617,2.7086346891376
002821.SZ,凯莱英,20250224,5484295.0,4.7631097795E8,83.726301236238,1.6695699100212
603259.SH,药明康德,20250224,9.6510621E7,6.289004446E9,60.885290258052,3.8590102318141
300347.SZ,泰格医药,20250223,,,61.064446961763,
688293.SH,奥浦迈,20250223,,,42.356465308574,
300759.SZ,康龙化成,20250223,,,28.90254223816,
002821.SZ,凯莱英,20250223,,,86.094713264194,
603259.SH,药明康德,20250223,,,65.479684114972,
300347.SZ,泰格医药,20250222,,,61.064446961763,
688293.SH,奥浦迈,20250222,,,42.356465308574,
300759.SZ,康龙化成,20250222,,,28.90254223816,
002821.SZ,凯莱英,20250222,,,86.094713264194,
603259.SH,药明康德,20250222,,,65.479684114972,
300347.SZ,泰格医药,20250221,2.4312876E7,1.47159138907E9,61.064446961763,4.2643939411825
688293.SH,奥浦迈,20250221,1198198.0,5.1644049E7,42.356465308574,1.5478732867629
300759.SZ,康龙化成,20250221,5.5700991E7,1.6127123362E9,28.90254223816,3.9243056807746
002821.SZ,凯莱英,20250221,6715753.0,5.8977011372E8,86.094713264194,2.0444595215857
603259.SH,药明康德,20250221,7.5372254E7,5.036733304E9,65.479684114972,3.0137853882516
300347.SZ,泰格医药,20250220,3.0392514E7,1.77750677026E9,58.675011709647,5.3307413141458
688293.SH,奥浦迈,20250220,632447.0,2.7726051E7,42.356465308574,0.81701673395659
300759.SZ,康龙化成,20250220,5.5314452E7,1.57156683608E9,28.094492983633,3.8970728225021
002821.SZ,凯莱英,20250220,7924329.0,6.7558393183E8,84.098200645586,2.4123832243723
603259.SH,药明康德,20250220,5.312867E7,3.403685653E9,61.603164298196,2.1243680644504
300347.SZ,泰格医药,20250219,1.1563836E7,6.2361974933E8,53.846567859934,2.0282566396188
688293.SH,奥浦迈,20250219,665113.0,2.9068008E7,42.514254236382,0.85921579353222
300759.SZ,康龙化成,20250219,2.9757207E7,7.9692618837E8,26.488248733779,2.0964865144695
002821.SZ,凯莱英,20250219,3221625.0,2.6335010291E8,79.664768213089,0.98075106488111
603259.SH,药明康德,20250219,4.9371533E7,3.083743488E9,59.82283667864,1.9741376548323
300347.SZ,泰格医药,20250218,1.3115038E7,7.0903852438E8,53.003820986781,2.3003320785899
688293.SH,奥浦迈,20250218,1122133.0,4.9612356E7,42.92845017188,1.4496099099607
300759.SZ,康龙化成,20250218,2.7364572E7,7.4105804559E8,26.340434845756,1.9279180392242
002821.SZ,凯莱英,20250218,3931388.0,3.2073322657E8,79.987733489628,1.1968224009501
603259.SH,药明康德,20250218,4.7896392E7,2.969134655E9,58.846527984044,1.9151536367689
300347.SZ,泰格医药,20250217,1.9886016E7,1.12099453631E9,54.887608115006,3.4879380845219
688293.SH,奥浦迈,20250217,1226045.0,5.1819471E7,42.573425084311,1.5838469967979
300759.SZ,康龙化成,20250217,4.926837E7,1.37223644247E9,27.266735210702,3.4711077990247
002821.SZ,凯莱英,20250217,5233923.0,4.3129377498E8,80.496648470842,1.5933498019651
603259.SH,药明康德,20250217,7.6688257E7,4.728948102E9,59.650546909005,3.0664062188864
300347.SZ,泰格医药,20250216,,,55.244536202459,
688293.SH,奥浦迈,20250216,,,42.031025644969,
300759.SZ,康龙化成,20250216,,,26.360143364159,
002821.SZ,凯莱英,20250216,,,79.07755861938,
603259.SH,药明康德,20250216,,,56.932197210328,
300347.SZ,泰格医药,20250215,,,55.244536202459,
688293.SH,奥浦迈,20250215,,,42.031025644969,
300759.SZ,康龙化成,20250215,,,26.360143364159,
002821.SZ,凯莱英,20250215,,,79.07755861938,
603259.SH,药明康德,20250215,,,56.932197210328,
300347.SZ,泰格医药,20250214,2.5042886E7,1.38475135336E9,55.244536202459,4.3924351577379
688293.SH,奥浦迈,20250214,964446.0,4.1337269E7,42.031025644969,1.2459044330948
300759.SZ,康龙化成,20250214,3.9399978E7,1.05010879893E9,26.360143364159,2.7758493109718
002821.SZ,凯莱英,20250214,4959227.0,4.0088767824E8,79.07755861938,1.5097248007565
603259.SH,药明康德,20250214,7.233557E7,4.277011221E9,56.932197210328,2.8923625385656
300347.SZ,泰格医药,20250213,9960587.0,5.3211216874E8,52.289964811875,1.747052337758
688293.SH,奥浦迈,20250213,1097277.0,4.587843E7,40.847608686406,1.4175000763474
300759.SZ,康龙化成,20250213,1.5105324E7,3.9043715097E8,25.246612074384,1.0642164119332
002821.SZ,凯莱英,20250213,3561056.0,2.8357867028E8,77.218061572638,1.0840831766892
603259.SH,药明康德,20250213,2.4749772E7,1.414849795E9,54.424423896759,0.98962810925303
300347.SZ,泰格医药,20250212,8358500.0,4.42795258E8,52.845186281246,1.4660518466583
688293.SH,奥浦迈,20250212,995152.0,3.9988264E7,40.571478062741,1.2855714974225
300759.SZ,康龙化成,20250212,1.4213035E7,3.6731561377E8,25.650636701647,1.0013519147541
002821.SZ,凯莱英,20250212,2282883.0,1.8494599995E8,79.596260427156,0.69497223706949
603259.SH,药明康德,20250212,2.7220846E7,1.563450645E9,55.16144124464,1.0884348493896
300347.SZ,泰格医药,20250211,1.2594074E7,6.7268776282E8,52.547746208369,2.2089568038106
688293.SH,奥浦迈,20250211,2133061.0,8.7271025E7,40.818023262442,2.7555613854603
300759.SZ,康龙化成,20250211,2.2168584E7,5.7778483076E8,25.502822813624,1.5618447457412
002821.SZ,凯莱英,20250211,3090703.0,2.542516256E8,80.154109541179,0.94089481503317
603259.SH,药明康德,20250211,2.4211491E7,1.400739814E9,55.046581398217,0.96810475912775
300347.SZ,泰格医药,20250210,2.1462352E7,1.13620226526E9,54.213410616483,3.7644219397296
688293.SH,奥浦迈,20250210,2915720.0,1.23991853E8,41.439317165688,3.7666271348143
300759.SZ,康龙化成,20250210,2.3193803E7,6.1447415868E8,26.379851882562,1.634074569188
002821.SZ,凯莱英,20250210,5106209.0,4.1938700193E8,81.534052086393,1.5544701553581
603259.SH,药明康德,20250210,3.0161814E7,1.767213338E9,56.089891669893,1.2060304620366
300347.SZ,泰格医药,20250209,,,51.288583233187,
688293.SH,奥浦迈,20250209,,,38.618840081112,
300759.SZ,康龙化成,20250209,,,25.877284663283,
002821.SZ,凯莱英,20250209,,,78.118449616324,
603259.SH,药明康德,20250209,,,55.678310553544,
300347.SZ,泰格医药,20250208,,,51.288583233187,
688293.SH,奥浦迈,20250208,,,38.618840081112,
300759.SZ,康龙化成,20250208,,,25.877284663283,
002821.SZ,凯莱英,20250208,,,78.118449616324,
603259.SH,药明康德,20250208,,,55.678310553544,
300347.SZ,泰格医药,20250207,2.1056222E7,1.09236382682E9,51.288583233187,3.6931881493984
688293.SH,奥浦迈,20250207,,,38.618840081112,
300759.SZ,康龙化成,20250207,2.2157574E7,5.8328543074E8,25.877284663283,1.5610690574677
002821.SZ,凯莱英,20250207,3107934.0,2.4827007059E8,78.118449616324,0.94614040432397
603259.SH,药明康德,20250207,4.3621078E7,2.540693579E9,55.678310553544,1.7442037423504
300347.SZ,泰格医药,20250206,1.3713127E7,6.872873245E8,49.850956214279,2.40523481029
688293.SH,奥浦迈,20250206,,,38.618840081112,
300759.SZ,康龙化成,20250206,1.7561885E7,4.5136023835E8,25.611219664841,1.2372886699738
002821.SZ,凯莱英,20250206,3659353.0,2.8406651557E8,77.276782532008,1.1140074811705
603259.SH,药明康德,20250206,4.7049082E7,2.701326518E9,55.563450707121,1.8812736562483
300347.SZ,泰格医药,20250205,8665050.0,4.2720409869E8,49.097441362989,1.51981965112
688293.SH,奥浦迈,20250205,,,38.618840081112,
300759.SZ,康龙化成,20250205,1.1089325E7,2.7946341335E8,24.84258744712,0.78127696315953
002821.SZ,凯莱英,20250205,2176120.0,1.645303222E8,74.056916593175,0.66247064984568
603259.SH,药明康德,20250205,2.6988519E7,1.510235646E9,53.591690010193,1.0791451747317
300347.SZ,泰格医药,20250204,,,48.581878570001,
688293.SH,奥浦迈,20250204,,,38.618840081112,
300759.SZ,康龙化成,20250204,,,24.487834115864,
002821.SZ,凯莱英,20250204,,,72.911857885444,
603259.SH,药明康德,20250204,,,52.988675816472,
300347.SZ,泰格医药,20250203,,,48.581878570001,
688293.SH,奥浦迈,20250203,,,38.618840081112,
300759.SZ,康龙化成,20250203,,,24.487834115864,
002821.SZ,凯莱英,20250203,,,72.911857885444,
603259.SH,药明康德,20250203,,,52.988675816472,
300347.SZ,泰格医药,20250202,,,48.581878570001,
688293.SH,奥浦迈,20250202,,,38.618840081112,
300759.SZ,康龙化成,20250202,,,24.487834115864,
002821.SZ,凯莱英,20250202,,,72.911857885444,
603259.SH,药明康德,20250202,,,52.988675816472,
300347.SZ,泰格医药,20250201,,,48.581878570001,
688293.SH,奥浦迈,20250201,,,38.618840081112,
300759.SZ,康龙化成,20250201,,,24.487834115864,
002821.SZ,凯莱英,20250201,,,72.911857885444,
603259.SH,药明康德,20250201,,,52.988675816472,
300347.SZ,泰格医药,20250131,,,48.581878570001,
688293.SH,奥浦迈,20250131,,,38.618840081112,
300759.SZ,康龙化成,20250131,,,24.487834115864,
002821.SZ,凯莱英,20250131,,,72.911857885444,
603259.SH,药明康德,20250131,,,52.988675816472,
300347.SZ,泰格医药,20250130,,,48.581878570001,
688293.SH,奥浦迈,20250130,,,38.618840081112,
300759.SZ,康龙化成,20250130,,,24.487834115864,
002821.SZ,凯莱英,20250130,,,72.911857885444,
603259.SH,药明康德,20250130,,,52.988675816472,
300347.SZ,泰格医药,20250129,,,48.581878570001,
688293.SH,奥浦迈,20250129,,,38.618840081112,
300759.SZ,康龙化成,20250129,,,24.487834115864,
002821.SZ,凯莱英,20250129,,,72.911857885444,
603259.SH,药明康德,20250129,,,52.988675816472,
300347.SZ,泰格医药,20250128,,,48.581878570001,
688293.SH,奥浦迈,20250128,,,38.618840081112,
300759.SZ,康龙化成,20250128,,,24.487834115864,
002821.SZ,凯莱英,20250128,,,72.911857885444,
603259.SH,药明康德,20250128,,,52.988675816472,
300347.SZ,泰格医药,20250127,1.1192986E7,5.5100994752E8,48.581878570001,1.9632108386577
688293.SH,奥浦迈,20250127,,,38.618840081112,
300759.SZ,康龙化成,20250127,1.2388779E7,3.1265638355E8,24.487834115864,0.87307938146289
002821.SZ,凯莱英,20250127,1643220.0,1.23695625E8,72.911857885444,0.50024126483807
603259.SH,药明康德,20250127,2.1933654E7,1.221098269E9,52.988675816472,0.87702466661229
300347.SZ,泰格医药,20250126,,,48.403414526275,
688293.SH,奥浦迈,20250126,,,38.618840081112,
300759.SZ,康龙化成,20250126,,,25.039672631151,
002821.SZ,凯莱英,20250126,,,73.146741722927,
603259.SH,药明康德,20250126,,,53.467258509901,
300347.SZ,泰格医药,20250125,,,48.403414526275,
688293.SH,奥浦迈,20250125,,,38.618840081112,
300759.SZ,康龙化成,20250125,,,25.039672631151,
002821.SZ,凯莱英,20250125,,,73.146741722927,
603259.SH,药明康德,20250125,,,53.467258509901,
300347.SZ,泰格医药,20250124,1.0773124E7,5.2379433493E8,48.403414526275,1.8895685032576
688293.SH,奥浦迈,20250124,,,38.618840081112,
300759.SZ,康龙化成,20250124,1.5849945E7,4.0103943203E8,25.039672631151,1.1169995184207
002821.SZ,凯莱英,20250124,2453950.0,1.841006819E8,73.146741722927,0.74704972666434
603259.SH,药明康德,20250124,4.8068381E7,2.684705686E9,53.467258509901,1.9220306758335
300347.SZ,泰格医药,20250123,8778411.0,4.3167487818E8,47.996913093342,1.539702776488
688293.SH,奥浦迈,20250123,,,38.618840081112,
300759.SZ,康龙化成,20250123,1.1837342E7,3.0034314472E8,24.734190595903,0.834217741032
002821.SZ,凯莱英,20250123,1531060.0,1.14017949E8,71.982109362072,0.46609668269798
603259.SH,药明康德,20250123,2.3325664E7,1.281175321E9,52.050653737351,0.9326846631715
300347.SZ,泰格医药,20250122,7556642.0,3.6875806334E8,48.482731879042,1.3254087406395
688293.SH,奥浦迈,20250122,,,38.618840081112,
300759.SZ,康龙化成,20250122,1.0324784E7,2.5870506782E8,24.822878928717,0.7276226356494
002821.SZ,凯莱英,20250122,1306773.0,9.712990968E7,72.765055487017,0.39781756452346
603259.SH,药明康德,20250122,2.2344745E7,1.223763973E9,52.232515160854,0.89346228102995
300347.SZ,泰格医药,20250121,9408136.0,4.6882552644E8,49.176758715756,1.6501543526245
688293.SH,奥浦迈,20250121,,,38.618840081112,
300759.SZ,康龙化成,20250121,1.1785574E7,2.9704535024E8,24.852441706321,0.83056947404624
002821.SZ,凯莱英,20250121,1969048.0,1.4804154274E8,73.675230357264,0.59943225012285
603259.SH,药明康德,20250121,3.79054E7,2.094589728E9,53.113107316764,1.5156604001233
300347.SZ,泰格医药,20250120,1.2804844E7,6.5171490066E8,50.207884301732,2.2459251291944
688293.SH,奥浦迈,20250120,,,38.618840081112,
300759.SZ,康龙化成,20250120,1.7673733E7,4.532508607E8,25.138215223166,1.2455280601729
002821.SZ,凯莱英,20250120,2630872.0,1.9947318171E8,73.910114194748,0.80090963894491
603259.SH,药明康德,20250120,5.788329E7,3.231516812E9,53.629976625667,2.3144831734226
300347.SZ,泰格医药,20250119,,,49.335393421291,
688293.SH,奥浦迈,20250119,,,38.618840081112,
300759.SZ,康龙化成,20250119,,,24.694773559096,
002821.SZ,凯莱英,20250119,,,72.138698587061,
603259.SH,药明康德,20250119,,,50.729765503487,
300347.SZ,泰格医药,20250118,,,49.335393421291,
688293.SH,奥浦迈,20250118,,,38.618840081112,
300759.SZ,康龙化成,20250118,,,24.694773559096,
002821.SZ,凯莱英,20250118,,,72.138698587061,
603259.SH,药明康德,20250118,,,50.729765503487,
300347.SZ,泰格医药,20250117,7302525.0,3.6193693006E8,49.335393421291,1.2808375021258
688293.SH,奥浦迈,20250117,,,38.618840081112,
300759.SZ,康龙化成,20250117,1.2287291E7,3.0663015475E8,24.694773559096,0.86592717701514
002821.SZ,凯莱英,20250117,1685349.0,1.2358780188E8,72.138698587061,0.51306648863425
603259.SH,药明康德,20250117,2.0987941E7,1.1149214E9,50.729765503487,0.83921000843742
300347.SZ,泰格医药,20250116,8748085.0,4.3974917183E8,49.176758715756,1.5343837014983
688293.SH,奥浦迈,20250116,981553.0,3.7603848E7,38.618840081112,1.2680038426387
300759.SZ,康龙化成,20250116,1.2497129E7,3.1293272405E8,24.487834115864,0.88071517438336
002821.SZ,凯莱英,20250116,2145010.0,1.589532035E8,71.453620727735,0.652999912057
603259.SH,药明康德,20250116,2.2088116E7,1.190559739E9,51.237063158521,0.88320088257951
300347.SZ,泰格医药,20250115,1.0625333E7,5.3051480575E8,49.781553530607,1.8636464755649
688293.SH,奥浦迈,20250115,220470.0,8242824.0,36.607031251555,0.28481071036057
300759.SZ,康龙化成,20250115,1.3762434E7,3.4335434643E8,24.635648003887,0.96988552012622
002821.SZ,凯莱英,20250115,2040629.0,1.4940158352E8,72.060403974567,0.62122347100525
603259.SH,药明康德,20250115,3.872705E7,2.065578447E9,50.997771811807,1.5485143567564
300347.SZ,泰格医药,20250114,1.1585386E7,5.8529611484E8,50.168225625348,2.032036434713
688293.SH,奥浦迈,20250114,445315.0,1.6639973E7,37.465008546513,0.57527319582808
300759.SZ,康龙化成,20250114,1.6897522E7,4.2340700562E8,24.980547075942,1.1908258316672
002821.SZ,凯莱英,20250114,3635283.0,2.6346863823E8,72.412729730792,1.1066799125889
603259.SH,药明康德,20250114,3.2668663E7,1.790246506E9,52.644096277203,1.3062676777998
300347.SZ,泰格医药,20250113,7496130.0,3.7140230515E8,49.236246730332,1.3147951461734
688293.SH,奥浦迈,20250113,473489.0,1.7170468E7,36.57744582759,0.61166933568247
300759.SZ,康龙化成,20250113,9834964.0,2.3941741195E8,24.054246710995,0.69310335472364
002821.SZ,凯莱英,20250113,1578855.0,1.1051178476E8,68.507785932632,0.48064679239293
603259.SH,药明康德,20250113,2.0088452E7,1.067634276E9,50.892483619252,0.80324363273247
300347.SZ,泰格医药,20250112,,,48.651281253673,
688293.SH,奥浦迈,20250112,,,34.753011349806,
300759.SZ,康龙化成,20250112,,,23.817744490158,
002821.SZ,凯莱英,20250112,,,68.233754788901,
603259.SH,药明康德,20250112,,,51.074345042755,
300347.SZ,泰格医药,20250111,,,48.651281253673,
688293.SH,奥浦迈,20250111,,,34.753011349806,
300759.SZ,康龙化成,20250111,,,23.817744490158,
002821.SZ,凯莱英,20250111,,,68.233754788901,
603259.SH,药明康德,20250111,,,51.074345042755,
300347.SZ,泰格医药,20250110,8538708.0,4.2601851643E8,48.651281253673,1.4976597034726
688293.SH,奥浦迈,20250110,322881.0,1.1607594E7,34.753011349806,0.41710875389817
300759.SZ,康龙化成,20250110,1.2338888E7,3.0294031987E8,23.817744490158,0.86956339304946
002821.SZ,凯莱英,20250110,1720300.0,1.213923773E8,68.233754788901,0.52370653223605
603259.SH,药明康德,20250110,3.3453661E7,1.798150094E9,51.074345042755,1.337656091661
300347.SZ,泰格医药,20250109,1.1340461E7,5.766340473E8,49.821212206991,1.9890774410488
688293.SH,奥浦迈,20250109,417576.0,1.4910271E7,35.216516325243,0.5394390038986
300759.SZ,康龙化成,20250109,1.1614243E7,2.8768274981E8,24.241477635825,0.81849519590265
002821.SZ,凯莱英,20250109,2367940.0,1.676204548E8,68.899258995104,0.72086592218976
603259.SH,药明康德,20250109,2.1665269E7,1.147627683E9,50.356471002612,0.86629320047588
300347.SZ,泰格医药,20250108,9689951.0,4.9261169633E8,50.069078934389,1.6995837240627
688293.SH,奥浦迈,20250108,409692.0,1.4824397E7,35.186930901279,0.52925418219731
300759.SZ,康龙化成,20250108,1.5161584E7,3.6975549044E8,24.231623376623,1.0684883781297
002821.SZ,凯莱英,20250108,2903260.0,2.056460078E8,69.241797924767,0.8838320216123
603259.SH,药明康德,20250108,2.2650358E7,1.175324845E9,49.686455231811,0.9056823214955
300347.SZ,泰格医药,20250107,9810164.0,5.0476538013E8,51.417473931434,1.7206686664139
688293.SH,奥浦迈,20250107,239657.0,8636035.0,35.995599156297,0.30477910970067
300759.SZ,康龙化成,20250107,1.3391933E7,3.286992672E8,24.39914578305,0.94377505484862
002821.SZ,凯莱英,20250107,2279624.0,1.6409106324E8,70.748969215285,0.69398010802888
603259.SH,药明康德,20250107,2.8319426E7,1.471841339E9,50.136322963634,1.1323619469105
300347.SZ,泰格医药,20250106,9335966.0,4.9155029798E8,51.992524738997,1.6374959854805
688293.SH,奥浦迈,20250106,466874.0,1.6956407E7,35.63071226074,0.59373789233108
300759.SZ,康龙化成,20250106,1.4371813E7,3.5473767489E8,24.300603191034,1.0128305303162
002821.SZ,凯莱英,20250106,2374620.0,1.746191668E8,71.854880616769,0.72289949751693
603259.SH,药明康德,20250106,3.0660559E7,1.618876876E9,50.634048964801,1.2259729516624
300347.SZ,泰格医药,20250105,,,52.607234222944,
688293.SH,奥浦迈,20250105,,,36.074493620201,
300759.SZ,康龙化成,20250105,,,24.024683933391,
002821.SZ,凯莱英,20250105,,,71.668930912094,
603259.SH,药明康德,20250105,,,50.126751309766,
300347.SZ,泰格医药,20250104,,,52.607234222944,
688293.SH,奥浦迈,20250104,,,36.074493620201,
300759.SZ,康龙化成,20250104,,,24.024683933391,
002821.SZ,凯莱英,20250104,,,71.668930912094,
603259.SH,药明康德,20250104,,,50.126751309766,
300347.SZ,泰格医药,20250103,9619225.0,5.1849776002E8,52.607234222944,1.6871786294995
688293.SH,奥浦迈,20250103,627181.0,2.3594866E7,36.074493620201,0.79760518908763
300759.SZ,康龙化成,20250103,1.5487896E7,3.8442421189E8,24.024683933391,1.0914846943223
002821.SZ,凯莱英,20250103,2917740.0,2.1672849953E8,71.668930912094,0.88824013100414
603259.SH,药明康德,20250103,2.5732736E7,1.36289926E9,50.126751309766,1.0289322614199
300347.SZ,泰格医药,20250102,1.4802813E7,8.2472466139E8,54.540594696648,2.5963619470464
688293.SH,奥浦迈,20250102,589394.0,2.1875066E7,36.597169443567,0.74955030974649
300759.SZ,康龙化成,20250102,1.8973417E7,4.8272743994E8,24.803170410314,1.337121210944
002821.SZ,凯莱英,20250102,3014530.0,2.2749024652E8,72.813989619826,0.91770566332707
603259.SH,药明康德,20250102,3.5081813E7,1.88659413E9,50.787195426698,1.4027583069597
300347.SZ,泰格医药,20250101,,,54.153922601908,
688293.SH,奥浦迈,20250101,,,35.975875540321,
300759.SZ,康龙化成,20250101,,,25.325446147996,
002821.SZ,凯莱英,20250101,,,74.467963308771,
603259.SH,药明康德,20250101,,,52.682382892677,
